region,land_type,road_access,utilities,area_sqft,distance_to_city_km,infrastructure_score,development_potential,price
Ahmedabad,Commercial,Secondary_Road,Fully_Connected,5170,3.2,3.1,6.5,7298000
Pune,Commercial,Interior_Road,Fully_Connected,5180,14.0,6.3,5.8,7530000
Kochi,Industrial,Interior_Road,Partial,11900,2.6,4.1,5.1,6383000
Noida_NCR,Agricultural,Interior_Road,Fully_Connected,26420,59.5,4.8,6.3,10242000
Bangalore_North,Residential,Interior_Road,Not_Connected,1740,1.4,7.9,6.2,1548000
Bhopal,Residential,Main_Road,Fully_Connected,1510,0.7,2.6,3.7,511000
Ahmedabad,Agricultural,Secondary_Road,Fully_Connected,41950,8.9,4.8,5.0,20374000
Ahmedabad,Commercial,Main_Road,Fully_Connected,5280,1.9,4.9,4.7,11410000
Bangalore_North,Residential,Main_Road,Fully_Connected,8210,8.1,6.6,6.0,19317000
Pune,Commercial,No_Road,Fully_Connected,9820,28.7,6.2,8.0,10531000
Hyderabad,Agricultural,Interior_Road,Partial,63490,9.0,4.5,4.3,30856000
Indore,Industrial,No_Road,Fully_Connected,11040,0.5,5.2,6.5,3532000
Noida_NCR,Commercial,Secondary_Road,Partial,7350,74.1,5.1,6.0,3727000
Kochi,Residential,Secondary_Road,Not_Connected,5060,1.7,4.6,3.1,2059000
Pune,Residential,Secondary_Road,Partial,6370,13.4,5.1,6.3,5908000
Bangalore_South,Commercial,Main_Road,Partial,7490,16.5,6.0,4.1,16568000
Chennai,Residential,Main_Road,Fully_Connected,8070,7.9,5.6,6.9,11494000
Bangalore_North,Commercial,Secondary_Road,Fully_Connected,8040,0.5,7.2,6.3,39305000
Kochi,Agricultural,Main_Road,Fully_Connected,102060,7.0,5.3,5.7,30427000
Noida_NCR,Residential,No_Road,Not_Connected,2910,6.5,5.4,3.8,1093000
Ahmedabad,Residential,Main_Road,Partial,1230,19.8,5.6,6.1,615000
Hyderabad,Residential,Main_Road,Fully_Connected,4760,1.1,7.9,8.9,8646000
Bhopal,Industrial,Interior_Road,Fully_Connected,35730,15.8,3.8,3.4,9716000
Indore,Agricultural,Main_Road,Not_Connected,83920,12.6,2.3,2.7,13374000
Ahmedabad,Residential,No_Road,Partial,5260,19.3,4.3,5.7,1650000
Bangalore_South,Industrial,Interior_Road,Partial,15130,23.7,5.5,6.6,13741000
Pune,Commercial,Main_Road,Not_Connected,4550,48.4,2.5,1.0,2448000
Bangalore_North,Commercial,Interior_Road,Partial,11770,2.5,6.0,9.2,41920000
Bangalore_South,Mixed,Secondary_Road,Partial,7920,1.7,4.4,5.9,12249000
Noida_NCR,Residential,Interior_Road,Fully_Connected,2780,1.6,7.5,8.3,4953000
Ahmedabad,Residential,Interior_Road,Fully_Connected,8230,12.9,4.9,5.2,7085000
Bhopal,Commercial,Interior_Road,Not_Connected,4310,1.3,2.2,1.0,1118000
Hyderabad,Residential,Secondary_Road,Partial,2740,16.1,6.3,7.4,3413000
Hyderabad,Agricultural,Main_Road,Fully_Connected,218070,17.5,5.7,5.1,139665000
Pune,Residential,Interior_Road,Partial,7030,2.0,6.4,7.3,5402000
Bangalore_South,Residential,No_Road,Fully_Connected,3170,35.1,4.3,4.7,2028000
Bangalore_North,Residential,Secondary_Road,Not_Connected,4820,9.2,5.2,6.0,5089000
Pune,Commercial,Interior_Road,Fully_Connected,8920,19.9,4.1,3.7,9880000
Bangalore_South,Residential,Secondary_Road,Partial,670,24.7,4.5,6.4,632000
Noida_NCR,Residential,Interior_Road,Partial,2220,3.9,6.7,4.9,3052000
Pune,Industrial,No_Road,Fully_Connected,19200,40.0,4.4,8.4,7430000
Kochi,Residential,Main_Road,Fully_Connected,3170,3.7,4.5,8.5,2661000
Noida_NCR,Residential,Main_Road,Partial,4700,70.6,3.5,6.9,2897000
Hyderabad,Residential,Secondary_Road,Fully_Connected,8330,2.1,6.0,8.1,18559000
Kochi,Residential,Secondary_Road,Fully_Connected,3250,0.5,7.9,7.4,2776000
Ahmedabad,Residential,Secondary_Road,Partial,2010,3.4,4.1,6.6,1368000
Hyderabad,Agricultural,Main_Road,Fully_Connected,66980,13.3,5.3,5.6,47332000
Hyderabad,Residential,Secondary_Road,Fully_Connected,3230,16.3,9.8,6.5,5568000
Noida_NCR,Industrial,Secondary_Road,Fully_Connected,17650,22.8,6.4,8.7,28372000
Bangalore_North,Mixed,Secondary_Road,Not_Connected,4960,19.4,4.1,6.6,6139000
Bangalore_South,Residential,Interior_Road,Fully_Connected,17180,8.3,6.9,6.8,24246000
Bangalore_North,Residential,Interior_Road,Fully_Connected,930,27.0,4.3,3.2,964000
Ahmedabad,Residential,Secondary_Road,Fully_Connected,3110,1.2,6.2,5.5,3334000
Noida_NCR,Agricultural,Interior_Road,Fully_Connected,49830,0.7,6.5,3.8,38081000
Noida_NCR,Residential,Secondary_Road,Fully_Connected,2410,2.9,6.2,7.8,3984000
Ahmedabad,Industrial,Secondary_Road,Fully_Connected,41080,2.5,7.0,4.5,44245000
Pune,Agricultural,Secondary_Road,Fully_Connected,103950,8.7,6.2,6.8,65239000
Chennai,Industrial,Main_Road,Fully_Connected,19250,16.5,6.0,4.9,28257000
Bangalore_North,Commercial,Main_Road,Not_Connected,6620,80.0,3.8,2.5,4529000
Bangalore_North,Mixed,Secondary_Road,Fully_Connected,5580,5.7,5.7,6.3,13494000
Noida_NCR,Residential,Interior_Road,Fully_Connected,3740,19.8,6.8,6.3,5298000
Pune,Commercial,Interior_Road,Not_Connected,7570,2.8,7.2,8.3,14840000
Chennai,Residential,Main_Road,Not_Connected,3540,1.0,5.6,4.0,3923000
Ahmedabad,Mixed,Secondary_Road,Partial,7070,0.5,7.3,6.0,6878000
Noida_NCR,Commercial,Main_Road,Fully_Connected,13550,28.4,6.7,3.1,30381000
Chennai,Industrial,Interior_Road,Fully_Connected,7470,70.8,2.9,1.0,2083000
Chennai,Residential,Interior_Road,Fully_Connected,2020,48.6,3.9,7.4,931000
Hyderabad,Mixed,Secondary_Road,Fully_Connected,1930,12.6,6.2,9.5,3682000
Bangalore_North,Commercial,Secondary_Road,Fully_Connected,14670,1.0,5.0,5.6,69217000
Pune,Commercial,Main_Road,Partial,9530,3.3,5.6,4.7,32450000
Bangalore_South,Mixed,Secondary_Road,Fully_Connected,8330,34.9,5.0,5.1,13317000
Pune,Residential,Interior_Road,Partial,1580,4.5,5.2,7.0,1643000
Kochi,Residential,Interior_Road,Fully_Connected,12760,10.5,4.9,4.7,5839000
Bangalore_South,Commercial,Secondary_Road,Fully_Connected,5220,7.9,5.9,6.5,13671000
Bangalore_North,Residential,Secondary_Road,Partial,4460,15.7,6.8,6.7,6971000
Hyderabad,Residential,Main_Road,Not_Connected,6970,35.8,5.9,5.3,4527000
Hyderabad,Residential,Main_Road,Fully_Connected,2110,12.8,6.2,5.6,4316000
Noida_NCR,Residential,Main_Road,Partial,2800,80.0,2.0,3.8,906000
Chennai,Industrial,Secondary_Road,Fully_Connected,23080,8.3,7.3,5.6,26720000
Ahmedabad,Commercial,No_Road,Fully_Connected,59130,8.0,4.7,6.0,50800000
Noida_NCR,Residential,Secondary_Road,Partial,4860,14.7,6.1,5.6,8037000
Pune,Commercial,Main_Road,Fully_Connected,24630,1.1,5.4,6.0,100732000
Kochi,Commercial,Main_Road,Fully_Connected,18600,19.6,3.5,6.5,13516000
Bangalore_South,Agricultural,Main_Road,Fully_Connected,69630,10.5,7.6,7.1,70797000
Bangalore_North,Mixed,Interior_Road,Fully_Connected,3150,26.2,7.1,8.3,5829000
Bangalore_North,Mixed,Secondary_Road,Fully_Connected,11950,16.9,6.4,3.8,25590000
Ahmedabad,Residential,Interior_Road,Fully_Connected,1510,15.8,4.4,4.4,772000
Pune,Residential,Interior_Road,Not_Connected,11320,17.7,5.9,6.2,6312000
Bangalore_South,Commercial,Main_Road,Partial,9200,6.4,6.0,9.1,33329000
Pune,Commercial,Secondary_Road,Fully_Connected,1250,28.8,4.5,2.2,1734000
Bangalore_South,Commercial,No_Road,Fully_Connected,6300,0.5,6.6,6.5,11655000
Noida_NCR,Agricultural,Secondary_Road,Partial,90070,1.6,6.2,8.5,108393000
Pune,Commercial,Main_Road,Fully_Connected,6780,23.9,5.2,4.5,12324000
Hyderabad,Residential,No_Road,Partial,6370,60.1,4.3,4.7,1854000
Hyderabad,Residential,Interior_Road,Partial,2300,6.3,7.0,7.4,3233000
Noida_NCR,Residential,Secondary_Road,Fully_Connected,1710,3.4,5.9,6.4,3366000
Hyderabad,Residential,Secondary_Road,Fully_Connected,3820,14.6,6.8,9.1,6515000
Bangalore_North,Residential,Main_Road,Fully_Connected,4080,3.2,5.3,6.4,8929000
Bangalore_North,Agricultural,Interior_Road,Fully_Connected,36540,0.6,5.8,8.1,28115000
Bhopal,Residential,Secondary_Road,Fully_Connected,8880,8.1,3.3,3.8,3335000
Indore,Residential,Main_Road,Not_Connected,2300,1.3,3.2,3.1,917000
Noida_NCR,Commercial,Interior_Road,Fully_Connected,9960,20.6,7.2,6.7,23980000
Bangalore_South,Agricultural,No_Road,Partial,53150,10.0,4.6,3.5,18622000
Bhopal,Residential,Interior_Road,Partial,1450,31.8,2.1,4.2,215000
Ahmedabad,Industrial,Main_Road,Fully_Connected,6960,14.9,6.1,5.7,7681000
Noida_NCR,Mixed,Main_Road,Fully_Connected,6050,27.0,5.1,4.6,13903000
Pune,Commercial,No_Road,Fully_Connected,32020,11.3,5.2,6.4,37293000
Hyderabad,Agricultural,No_Road,Partial,84210,22.9,4.4,3.4,23746000
Bangalore_North,Residential,Secondary_Road,Fully_Connected,1300,36.5,6.0,7.4,1490000
Indore,Mixed,Secondary_Road,Partial,790,8.1,5.2,4.9,318000
Pune,Residential,Secondary_Road,Not_Connected,6440,12.1,6.3,8.1,5125000
Bangalore_South,Mixed,Secondary_Road,Partial,5640,3.9,6.7,6.1,11754000
Hyderabad,Commercial,Main_Road,Not_Connected,17780,0.6,6.6,7.6,45225000
Chennai,Residential,Main_Road,Partial,2260,5.8,4.7,5.6,2575000
Bangalore_South,Residential,Main_Road,Not_Connected,5020,16.1,4.6,6.3,5805000
Kochi,Agricultural,Interior_Road,Not_Connected,107080,17.5,5.7,6.2,9007000
Ahmedabad,Commercial,Main_Road,Partial,5850,12.1,5.6,3.4,6983000
Noida_NCR,Residential,Main_Road,Partial,3030,61.4,3.5,6.0,1511000
Pune,Agricultural,Secondary_Road,Not_Connected,51150,17.6,5.2,5.5,16747000
Noida_NCR,Industrial,Main_Road,Fully_Connected,30870,38.8,4.9,6.6,44876000
Chennai,Commercial,Main_Road,Partial,7920,80.0,1.0,3.7,2862000
Noida_NCR,Commercial,Secondary_Road,Partial,15820,51.7,5.0,4.3,16190000
Bangalore_North,Residential,Secondary_Road,Not_Connected,2960,65.7,3.4,3.0,1195000
Pune,Industrial,Secondary_Road,Fully_Connected,6910,9.6,4.3,6.0,8946000
Bangalore_North,Residential,No_Road,Partial,14460,3.9,4.6,4.8,18248000
Pune,Industrial,Main_Road,Partial,12330,7.8,3.7,6.0,17618000
Hyderabad,Residential,No_Road,Not_Connected,2760,1.9,6.0,5.9,1129000
Bangalore_South,Commercial,No_Road,Fully_Connected,7640,2.7,6.0,7.7,16010000
Bangalore_North,Residential,Interior_Road,Partial,4180,0.5,5.4,6.4,5969000
Chennai,Residential,Secondary_Road,Partial,3110,0.5,6.3,6.8,3496000
Bangalore_South,Agricultural,Secondary_Road,Not_Connected,49220,51.0,4.1,4.3,13634000
Indore,Commercial,Secondary_Road,Not_Connected,7780,41.8,3.6,4.9,1756000
Chennai,Commercial,Interior_Road,Partial,9040,20.1,4.5,6.9,9773000
Hyderabad,Mixed,Main_Road,Partial,1300,19.0,4.8,5.3,3078000
Chennai,Mixed,No_Road,Fully_Connected,20380,12.2,5.2,6.4,17255000
Bangalore_North,Industrial,Secondary_Road,Not_Connected,17780,80.0,1.8,3.3,3716000
Bhopal,Residential,Interior_Road,Fully_Connected,5830,4.7,4.7,5.5,2095000
Pune,Commercial,Secondary_Road,Partial,3050,27.4,3.6,7.1,3177000
Ahmedabad,Industrial,Main_Road,Partial,13720,4.9,6.1,8.1,10471000
Bangalore_North,Residential,Secondary_Road,Fully_Connected,2580,6.2,5.8,6.2,4782000
Pune,Residential,Secondary_Road,Fully_Connected,10400,22.1,6.2,6.7,12376000
Pune,Industrial,Secondary_Road,Fully_Connected,12520,26.1,3.5,3.4,12798000
Indore,Commercial,Main_Road,Not_Connected,13600,1.5,3.7,4.3,8315000
Chennai,Commercial,Main_Road,Partial,5070,19.3,5.2,6.1,6732000
Pune,Mixed,Secondary_Road,Fully_Connected,4470,18.2,6.5,7.8,5498000
Bangalore_South,Agricultural,Secondary_Road,Partial,40090,4.8,8.0,8.7,33108000
Hyderabad,Commercial,No_Road,Fully_Connected,19650,56.3,4.3,3.3,12746000
Chennai,Residential,Main_Road,Not_Connected,1170,12.2,7.2,8.5,967000
Pune,Commercial,Main_Road,Fully_Connected,3190,7.6,5.2,5.5,9766000
Bangalore_North,Residential,Main_Road,Fully_Connected,1130,9.1,7.5,5.8,2960000
Kochi,Industrial,Secondary_Road,Fully_Connected,8380,5.1,3.5,6.5,5688000
Indore,Industrial,Secondary_Road,Partial,10450,0.6,5.0,7.7,4351000
Bangalore_South,Residential,Secondary_Road,Fully_Connected,1400,30.7,2.1,3.9,1431000
Chennai,Residential,No_Road,Partial,2480,53.3,2.0,4.5,554000
Bangalore_North,Industrial,Main_Road,Fully_Connected,3990,47.3,5.2,6.8,4483000
Noida_NCR,Residential,Interior_Road,Fully_Connected,2060,10.1,4.8,7.5,2590000
Hyderabad,Commercial,Main_Road,Fully_Connected,18540,27.8,5.9,7.2,33366000
Noida_NCR,Commercial,Main_Road,Fully_Connected,10610,9.0,7.6,5.3,31656000
Ahmedabad,Agricultural,Secondary_Road,Not_Connected,59190,2.9,4.5,8.2,17297000
Ahmedabad,Residential,Main_Road,Fully_Connected,2080,8.2,3.7,6.2,1516000
Bangalore_North,Agricultural,Secondary_Road,Not_Connected,12550,10.3,5.5,5.1,5802000
Indore,Residential,Interior_Road,Fully_Connected,1910,2.4,3.3,2.8,763000
Bangalore_South,Agricultural,Interior_Road,Fully_Connected,48090,11.0,5.6,6.7,36341000
Bangalore_North,Residential,Secondary_Road,Fully_Connected,7030,13.2,6.1,5.9,12648000
Chennai,Commercial,Secondary_Road,Fully_Connected,15050,5.3,4.9,5.9,26078000
Hyderabad,Commercial,Secondary_Road,Partial,12440,1.2,8.5,9.1,31641000
Kochi,Residential,Main_Road,Partial,2480,3.0,3.9,3.9,1558000
Ahmedabad,Residential,Main_Road,Fully_Connected,4060,37.0,5.4,4.1,2758000
Hyderabad,Residential,Interior_Road,Partial,3250,17.9,4.5,5.7,2615000
Bhopal,Residential,No_Road,Partial,3510,4.5,4.1,4.1,527000
Hyderabad,Residential,Main_Road,Not_Connected,15040,6.5,7.7,7.6,20685000
Chennai,Mixed,Secondary_Road,Not_Connected,1910,18.4,6.1,4.3,1299000
Bangalore_South,Commercial,Interior_Road,Partial,6790,4.4,5.5,5.5,12734000
Indore,Industrial,Interior_Road,Partial,52730,2.9,5.1,6.6,16218000
Bangalore_South,Mixed,Secondary_Road,Partial,2310,38.8,5.1,6.5,2526000
Bangalore_North,Residential,Secondary_Road,Fully_Connected,2630,12.6,5.3,4.5,3980000
Pune,Agricultural,Interior_Road,Partial,31060,3.0,6.5,4.8,15939000
Bhopal,Industrial,Interior_Road,Fully_Connected,16730,0.5,6.4,6.5,7439000
Indore,Agricultural,Main_Road,Partial,11890,40.4,3.5,5.3,1385000
Ahmedabad,Commercial,No_Road,Not_Connected,12140,0.5,5.9,6.7,5689000
Indore,Commercial,Main_Road,Fully_Connected,12750,8.7,5.0,4.7,10523000
Indore,Residential,Interior_Road,Not_Connected,5570,12.2,2.3,4.1,1182000
Chennai,Commercial,Main_Road,Not_Connected,4350,14.0,5.5,8.1,4361000
Hyderabad,Mixed,Main_Road,Fully_Connected,6350,10.3,4.9,5.7,15119000
Ahmedabad,Mixed,Main_Road,Partial,3340,33.2,3.2,1.8,1975000
Noida_NCR,Residential,Secondary_Road,Not_Connected,3220,45.1,7.6,7.6,1505000
Hyderabad,Agricultural,Main_Road,Not_Connected,347280,10.9,5.8,9.1,188559000
Bangalore_North,Residential,Main_Road,Fully_Connected,4260,15.0,5.0,3.6,7193000
Ahmedabad,Mixed,Secondary_Road,Fully_Connected,2770,12.4,6.1,6.3,3354000
Bangalore_South,Residential,Secondary_Road,Partial,4500,23.5,4.1,4.5,3701000
Indore,Mixed,Interior_Road,Fully_Connected,2490,2.5,3.9,4.9,1413000
Bangalore_South,Industrial,Interior_Road,Fully_Connected,7660,1.4,7.6,7.6,14554000
Bangalore_North,Residential,Interior_Road,Fully_Connected,2030,11.4,6.1,8.0,2482000
Kochi,Residential,Main_Road,Fully_Connected,3000,1.3,2.9,4.2,1721000
Bangalore_South,Industrial,Main_Road,Partial,42320,13.3,6.3,8.3,92972000
Bangalore_South,Residential,No_Road,Partial,5830,33.1,4.4,4.9,2862000
Chennai,Commercial,Main_Road,Partial,11540,10.5,7.0,6.4,20309000
Kochi,Mixed,Secondary_Road,Partial,2940,8.6,3.8,3.7,1396000
Bangalore_South,Commercial,No_Road,Fully_Connected,5480,18.8,6.7,4.0,7616000
Hyderabad,Residential,No_Road,Fully_Connected,4770,28.1,7.5,7.7,3171000
Ahmedabad,Commercial,Secondary_Road,Fully_Connected,5150,14.3,3.6,7.6,5928000
Bhopal,Residential,Interior_Road,Fully_Connected,3340,6.2,3.7,5.3,970000
Pune,Mixed,Secondary_Road,Fully_Connected,7990,9.0,6.0,7.2,17387000
Bangalore_South,Residential,Interior_Road,Fully_Connected,3190,4.3,5.0,4.9,5263000
Bangalore_North,Residential,Main_Road,Fully_Connected,4630,11.3,6.4,6.1,8906000
Bangalore_South,Residential,Main_Road,Fully_Connected,11260,29.3,4.7,6.8,17279000
Bangalore_North,Mixed,Secondary_Road,Partial,5370,10.3,5.8,9.1,11915000
Noida_NCR,Residential,Main_Road,Partial,8610,9.0,6.5,8.8,12998000
Bangalore_North,Industrial,Interior_Road,Not_Connected,31290,16.4,5.9,7.3,28205000
Pune,Agricultural,Secondary_Road,Partial,13350,3.0,5.9,6.2,8623000
Noida_NCR,Industrial,Interior_Road,Partial,8280,1.8,6.0,6.5,11843000
Chennai,Mixed,Interior_Road,Fully_Connected,3490,21.1,4.0,3.7,3342000
Bangalore_South,Industrial,Secondary_Road,Partial,10090,6.8,5.8,3.9,12142000
Ahmedabad,Mixed,Interior_Road,Fully_Connected,5660,4.9,5.0,3.8,5027000
Noida_NCR,Residential,Main_Road,Fully_Connected,5960,40.8,4.7,5.4,9559000
Ahmedabad,Industrial,Secondary_Road,Fully_Connected,54590,39.1,4.0,4.4,25971000
Bangalore_North,Commercial,Main_Road,Fully_Connected,9930,13.9,3.8,2.5,33858000
Bangalore_North,Commercial,Interior_Road,Fully_Connected,5860,19.6,4.8,5.3,12739000
Indore,Industrial,Interior_Road,Partial,3780,36.5,2.8,3.5,822000
Hyderabad,Mixed,No_Road,Not_Connected,6280,10.1,5.1,3.8,2758000
Hyderabad,Agricultural,Interior_Road,Partial,51170,39.1,6.9,6.3,16781000
Pune,Commercial,No_Road,Partial,9090,21.3,5.0,5.0,7879000
Noida_NCR,Commercial,Main_Road,Partial,34950,59.3,4.7,4.4,34371000
Bhopal,Residential,No_Road,Fully_Connected,8960,2.8,3.5,5.8,2040000
Hyderabad,Residential,Secondary_Road,Partial,6660,32.4,5.2,2.8,4701000
Indore,Residential,Secondary_Road,Partial,2140,1.9,3.0,1.1,600000
Bangalore_North,Residential,Secondary_Road,Fully_Connected,2870,32.3,5.0,5.5,3336000
Chennai,Residential,Main_Road,Fully_Connected,3760,6.2,4.2,5.1,4123000
Noida_NCR,Agricultural,Main_Road,Not_Connected,24880,1.1,6.4,7.1,19727000
Bangalore_North,Commercial,Main_Road,Partial,11360,34.7,2.0,2.6,17184000
Bangalore_South,Mixed,Main_Road,Fully_Connected,7570,1.0,4.8,4.0,25275000
Pune,Agricultural,Secondary_Road,Partial,18780,30.1,6.4,6.5,7152000
Bhopal,Residential,Interior_Road,Fully_Connected,8710,2.3,5.1,4.9,3429000
Chennai,Residential,Secondary_Road,Fully_Connected,4280,13.4,6.6,8.9,5573000
Indore,Residential,Secondary_Road,Fully_Connected,1300,0.5,6.2,5.9,603000
Ahmedabad,Mixed,Secondary_Road,Fully_Connected,5800,1.3,6.0,6.1,7369000
Pune,Residential,Secondary_Road,Partial,4800,4.7,5.1,9.3,6634000
Ahmedabad,Commercial,Main_Road,Fully_Connected,15810,7.2,3.7,4.3,25686000
Bangalore_North,Mixed,Interior_Road,Partial,4820,3.8,7.7,8.2,9351000
Bangalore_North,Mixed,Main_Road,Fully_Connected,10280,2.4,6.5,7.5,44406000
Kochi,Residential,Interior_Road,Partial,4520,1.6,7.8,8.6,2706000
Ahmedabad,Residential,Interior_Road,Partial,1700,10.7,4.3,5.4,662000
Bangalore_South,Residential,Secondary_Road,Partial,1590,1.2,8.5,8.2,2527000
Chennai,Residential,Interior_Road,Partial,8300,38.8,3.8,4.8,3176000
Chennai,Residential,Main_Road,Not_Connected,8700,39.8,5.5,5.0,3097000
Kochi,Commercial,Interior_Road,Partial,10030,0.7,6.9,7.3,10601000
Chennai,Mixed,Interior_Road,Partial,15860,19.8,3.5,7.5,13433000
Pune,Commercial,Interior_Road,Partial,16760,18.5,4.5,7.0,23979000
Hyderabad,Agricultural,Interior_Road,Fully_Connected,92510,15.9,4.6,5.7,55102000
Pune,Residential,Interior_Road,Fully_Connected,2210,4.6,4.2,6.2,3080000
Noida_NCR,Industrial,No_Road,Fully_Connected,79910,15.9,7.0,5.6,53179000
Kochi,Agricultural,Secondary_Road,Fully_Connected,81020,20.5,3.8,4.3,18775000
Pune,Industrial,Interior_Road,Fully_Connected,14690,5.5,5.7,7.4,23029000
Bangalore_South,Mixed,Interior_Road,Fully_Connected,3890,30.7,5.6,8.2,5450000
Bangalore_South,Residential,Secondary_Road,Partial,4730,12.2,3.5,3.3,5537000
Ahmedabad,Residential,No_Road,Fully_Connected,1350,35.6,5.3,5.0,387000
Kochi,Residential,Secondary_Road,Partial,6300,10.2,4.0,8.1,3273000
Bangalore_North,Commercial,Secondary_Road,Fully_Connected,4100,34.1,5.8,6.2,9376000
Bangalore_North,Mixed,Main_Road,Partial,7630,59.3,4.9,8.2,5713000
Chennai,Residential,Main_Road,Fully_Connected,2850,9.1,6.8,7.1,4514000
Bangalore_South,Agricultural,Interior_Road,Fully_Connected,39410,22.1,5.2,6.0,22010000
Kochi,Commercial,Secondary_Road,Fully_Connected,4710,37.9,1.0,2.2,2308000
Hyderabad,Residential,Secondary_Road,Partial,3600,80.0,3.4,5.8,1183000
Bangalore_South,Residential,Main_Road,Fully_Connected,13660,16.2,5.8,8.1,24740000
Indore,Agricultural,Secondary_Road,Not_Connected,173920,30.7,2.1,1.9,10508000
Bangalore_South,Agricultural,Interior_Road,Fully_Connected,68790,9.0,6.0,5.7,46895000
Hyderabad,Commercial,Interior_Road,Partial,7860,10.1,5.7,7.4,14461000
Bangalore_South,Residential,Main_Road,Fully_Connected,6920,54.3,2.4,3.5,4897000
Bangalore_North,Agricultural,Secondary_Road,Partial,138240,19.5,6.5,5.8,61422000
Bangalore_North,Residential,Secondary_Road,Fully_Connected,2330,35.1,4.4,6.6,3040000
Bangalore_North,Mixed,Secondary_Road,Fully_Connected,5710,9.1,5.6,7.6,16581000
Bangalore_South,Residential,Secondary_Road,Fully_Connected,1220,32.2,4.3,4.3,1467000
Bangalore_North,Residential,Secondary_Road,Fully_Connected,8300,37.7,6.5,6.9,7765000
Chennai,Commercial,Secondary_Road,Fully_Connected,33950,7.9,5.2,3.8,49894000
Noida_NCR,Commercial,Secondary_Road,Not_Connected,8460,14.2,6.4,5.1,14640000
Hyderabad,Commercial,Secondary_Road,Fully_Connected,1810,8.0,5.7,6.2,6480000
Hyderabad,Commercial,Secondary_Road,Fully_Connected,12250,42.9,5.3,5.8,21125000
Pune,Mixed,Interior_Road,Not_Connected,3330,19.4,6.7,5.2,2149000
Kochi,Commercial,Interior_Road,Fully_Connected,5030,2.0,5.6,4.8,4134000
Kochi,Commercial,Main_Road,Fully_Connected,12400,33.4,4.4,3.5,9337000
Bangalore_North,Commercial,Interior_Road,Partial,9560,20.9,6.4,7.2,15188000
Bangalore_South,Residential,Interior_Road,Not_Connected,2910,9.9,4.1,1.9,2273000
Bangalore_South,Commercial,Main_Road,Partial,5080,19.5,4.3,3.5,9500000
Bangalore_South,Residential,Secondary_Road,Fully_Connected,4340,4.8,5.7,3.2,6099000
Chennai,Agricultural,Main_Road,Not_Connected,34590,6.1,4.4,5.7,15042000
Pune,Residential,Interior_Road,Fully_Connected,1950,31.5,3.3,1.6,937000
Bangalore_North,Mixed,Main_Road,Not_Connected,4830,7.4,4.0,4.8,8201000
Hyderabad,Commercial,Interior_Road,Not_Connected,10150,77.3,1.8,5.7,3498000
Chennai,Industrial,Main_Road,Not_Connected,17340,4.4,5.0,8.0,15065000
Bangalore_North,Commercial,Secondary_Road,Fully_Connected,2970,44.3,4.6,2.5,5885000
Kochi,Residential,No_Road,Fully_Connected,7610,24.5,2.9,4.5,2036000
Bangalore_North,Industrial,Secondary_Road,Partial,2240,25.2,5.6,4.4,2173000
Indore,Agricultural,Interior_Road,Partial,33460,2.8,3.9,2.9,5197000
Bangalore_North,Industrial,No_Road,Partial,12180,9.3,7.4,7.0,15852000
Kochi,Commercial,Interior_Road,Not_Connected,8870,8.0,4.4,6.9,4332000
Indore,Agricultural,Main_Road,Partial,82890,16.4,4.7,6.2,16523000
Bhopal,Industrial,Interior_Road,Fully_Connected,49260,43.4,2.7,2.8,6238000
Ahmedabad,Agricultural,Main_Road,Fully_Connected,26330,18.6,2.8,5.0,8896000
Ahmedabad,Residential,Secondary_Road,Fully_Connected,5860,19.6,4.3,1.6,3004000
Noida_NCR,Agricultural,Interior_Road,Fully_Connected,59640,30.9,4.1,3.7,20422000
Ahmedabad,Agricultural,Interior_Road,Fully_Connected,10710,10.0,4.7,4.1,3718000
Bangalore_North,Mixed,Secondary_Road,Partial,20640,5.1,5.4,5.9,42937000
Chennai,Residential,Secondary_Road,Partial,1570,38.5,4.4,4.8,882000
Chennai,Commercial,Interior_Road,Partial,10730,68.1,1.2,2.6,4433000
Kochi,Industrial,Interior_Road,Fully_Connected,27320,18.8,4.1,4.6,9769000
Pune,Commercial,Secondary_Road,Partial,9700,5.4,6.3,6.4,17615000
Hyderabad,Agricultural,Interior_Road,Partial,32040,20.7,6.8,7.6,12429000
Noida_NCR,Commercial,Main_Road,Not_Connected,14280,23.6,5.0,5.7,17089000
Bangalore_South,Residential,Main_Road,Partial,1450,11.2,5.7,5.6,1883000
Bangalore_North,Agricultural,Secondary_Road,Partial,47120,22.6,5.8,6.7,39039000
Pune,Residential,No_Road,Partial,2770,59.7,5.3,6.9,635000
Pune,Residential,Main_Road,Fully_Connected,2580,11.5,3.6,3.7,3057000
Bangalore_South,Agricultural,Main_Road,Not_Connected,73540,15.5,4.5,5.1,34612000
Hyderabad,Agricultural,Main_Road,Fully_Connected,131860,23.9,8.9,10.0,101975000
Hyderabad,Industrial,Interior_Road,Fully_Connected,15200,14.6,5.6,4.3,19144000
Hyderabad,Residential,Main_Road,Fully_Connected,6640,38.4,2.7,6.6,6336000
Hyderabad,Residential,Secondary_Road,Partial,4130,11.2,5.4,3.8,4893000
Noida_NCR,Mixed,No_Road,Partial,3360,21.3,2.7,3.4,2123000
Hyderabad,Residential,Main_Road,Partial,3380,32.4,5.5,4.4,4057000
Indore,Residential,Secondary_Road,Fully_Connected,3290,3.1,5.4,9.1,2191000
Indore,Residential,Secondary_Road,Fully_Connected,2540,8.4,3.1,3.4,1106000
Pune,Commercial,Interior_Road,Not_Connected,10800,11.1,4.8,4.6,7996000
Hyderabad,Industrial,Secondary_Road,Fully_Connected,24130,12.3,7.1,6.4,38023000
Chennai,Agricultural,Secondary_Road,Not_Connected,11950,8.6,3.1,4.3,4036000
Kochi,Agricultural,Main_Road,Fully_Connected,11310,2.2,3.2,3.7,5241000
Noida_NCR,Residential,Interior_Road,Partial,5270,25.8,5.5,5.7,5145000
Ahmedabad,Residential,Interior_Road,Partial,2350,2.0,4.2,1.0,1207000
Chennai,Commercial,Main_Road,Not_Connected,9880,38.0,3.7,4.7,6350000
Noida_NCR,Residential,Secondary_Road,Fully_Connected,6650,8.9,5.0,5.5,15218000
Hyderabad,Residential,Interior_Road,Not_Connected,1750,7.6,6.5,8.1,1526000
Ahmedabad,Residential,Main_Road,Partial,1600,7.0,4.7,7.3,1565000
Bangalore_South,Residential,Main_Road,Partial,11880,52.8,4.7,5.0,9325000
Noida_NCR,Commercial,Secondary_Road,Partial,10230,9.2,6.7,7.9,33388000
Kochi,Agricultural,Main_Road,Fully_Connected,34280,9.6,4.7,3.6,12265000
Bangalore_North,Residential,Main_Road,Fully_Connected,2180,2.7,4.7,6.4,5654000
Noida_NCR,Commercial,Secondary_Road,Fully_Connected,5600,40.3,5.8,5.2,8176000
Bangalore_North,Industrial,Main_Road,Fully_Connected,7720,47.7,4.2,3.2,7898000
Ahmedabad,Agricultural,Secondary_Road,Partial,110730,0.7,5.0,5.2,29960000
Bangalore_North,Industrial,Interior_Road,Fully_Connected,10740,8.0,7.4,9.3,20845000
Indore,Commercial,Secondary_Road,Fully_Connected,17200,2.2,3.6,4.8,14852000
Bangalore_North,Industrial,Main_Road,Fully_Connected,14520,80.0,4.9,7.7,10001000
Bhopal,Residential,Interior_Road,Fully_Connected,2030,3.0,5.8,4.9,618000
Ahmedabad,Residential,Main_Road,Fully_Connected,3030,24.5,5.1,7.1,1682000
Chennai,Residential,Interior_Road,Partial,730,28.2,3.2,3.3,341000
Ahmedabad,Commercial,Secondary_Road,Fully_Connected,7350,47.9,1.0,3.0,3131000
Ahmedabad,Residential,Interior_Road,Not_Connected,3580,8.3,6.2,6.7,1630000
Indore,Residential,Main_Road,Fully_Connected,6840,1.5,4.6,6.2,3954000
Bangalore_South,Agricultural,Main_Road,Fully_Connected,9160,1.8,5.2,6.0,11525000
Chennai,Residential,Secondary_Road,Not_Connected,8510,16.7,6.3,5.3,4309000
Bangalore_North,Residential,Main_Road,Fully_Connected,6820,26.3,4.4,6.4,10976000
Noida_NCR,Residential,Main_Road,Fully_Connected,9030,11.2,5.9,8.7,24023000
Bangalore_South,Commercial,Interior_Road,Not_Connected,7710,22.2,5.9,5.3,7961000
Chennai,Residential,Interior_Road,Not_Connected,7730,14.2,3.6,1.8,3789000
Chennai,Residential,Main_Road,Partial,1540,10.3,5.0,6.2,1497000
Pune,Residential,Interior_Road,Fully_Connected,6360,20.3,6.3,5.9,4801000
Chennai,Agricultural,Interior_Road,Partial,24980,2.2,5.7,5.8,11409000
Ahmedabad,Mixed,Interior_Road,Not_Connected,2050,3.5,6.6,7.5,1083000
Ahmedabad,Commercial,Interior_Road,Not_Connected,3640,21.9,5.7,5.3,1661000
Pune,Agricultural,Interior_Road,Fully_Connected,50250,74.9,2.9,3.6,8287000
Chennai,Industrial,Secondary_Road,Fully_Connected,10340,18.8,2.0,3.2,8078000
Indore,Mixed,Interior_Road,Fully_Connected,7660,6.9,2.9,6.2,3097000
Bangalore_North,Agricultural,No_Road,Fully_Connected,9820,32.4,6.1,6.3,4427000
Bangalore_North,Industrial,Main_Road,Partial,3650,80.0,1.4,1.1,1570000
Bangalore_North,Mixed,Main_Road,Fully_Connected,14640,8.7,5.8,4.3,36483000
Noida_NCR,Industrial,Main_Road,Fully_Connected,41210,8.8,6.9,7.0,108579000
Pune,Commercial,No_Road,Fully_Connected,3840,0.5,7.6,5.6,6427000
Ahmedabad,Residential,Secondary_Road,Fully_Connected,3990,8.6,4.2,2.6,2886000
Noida_NCR,Residential,Interior_Road,Fully_Connected,7760,2.2,6.0,7.2,13845000
Hyderabad,Commercial,Interior_Road,Fully_Connected,10730,52.4,4.3,6.0,7673000
Indore,Commercial,No_Road,Fully_Connected,8870,36.9,3.5,3.9,2451000
Ahmedabad,Commercial,Main_Road,Not_Connected,17220,2.7,4.9,5.9,22439000
Hyderabad,Commercial,Interior_Road,Fully_Connected,4800,80.0,4.6,5.5,3209000
Hyderabad,Commercial,Interior_Road,Partial,8180,16.3,4.9,6.3,11530000
Hyderabad,Industrial,Main_Road,Fully_Connected,19720,0.5,6.6,7.5,60933000
Bangalore_South,Residential,Interior_Road,Fully_Connected,3350,60.2,4.3,1.1,1650000
Bangalore_South,Residential,Secondary_Road,Fully_Connected,3100,10.6,5.3,5.3,4847000
Indore,Industrial,Secondary_Road,Fully_Connected,21200,21.8,4.7,6.1,8373000
Pune,Industrial,Secondary_Road,Fully_Connected,20560,8.3,5.7,5.4,20895000
Hyderabad,Mixed,Main_Road,Fully_Connected,3040,6.0,7.2,7.1,7510000
Ahmedabad,Industrial,Main_Road,Partial,37980,15.2,4.8,6.5,27507000
Chennai,Industrial,Main_Road,Fully_Connected,9160,3.0,5.9,6.3,16624000
Indore,Residential,Main_Road,Fully_Connected,3470,17.7,3.1,6.4,1815000
Ahmedabad,Commercial,Secondary_Road,Partial,6510,31.6,3.2,5.9,4537000
Pune,Residential,Secondary_Road,Fully_Connected,5050,4.5,7.1,6.8,10058000
Hyderabad,Agricultural,Main_Road,Fully_Connected,7420,30.5,6.0,5.9,4381000
Bhopal,Mixed,Interior_Road,Fully_Connected,10710,14.7,2.4,1.0,2993000
Noida_NCR,Residential,Interior_Road,Fully_Connected,2580,70.3,4.2,4.5,1017000
Bhopal,Commercial,Secondary_Road,Fully_Connected,18790,1.3,1.3,1.0,10529000
Bangalore_North,Residential,No_Road,Not_Connected,2930,4.3,5.6,6.3,1550000
Kochi,Residential,Secondary_Road,Not_Connected,3880,5.6,5.8,6.3,1647000
Noida_NCR,Residential,Interior_Road,Not_Connected,13880,4.9,6.5,7.6,12455000
Bangalore_North,Residential,Main_Road,Fully_Connected,3340,11.5,6.2,8.4,8461000
Chennai,Mixed,Interior_Road,Fully_Connected,13420,1.6,1.8,3.2,20455000
Noida_NCR,Commercial,No_Road,Fully_Connected,8220,33.4,5.0,8.9,6606000
Bangalore_North,Industrial,Interior_Road,Fully_Connected,27880,26.5,5.8,6.4,36272000
Pune,Agricultural,Secondary_Road,Fully_Connected,53250,11.6,5.9,4.2,26875000
Kochi,Residential,Secondary_Road,Fully_Connected,6940,34.2,4.7,4.4,2779000
Hyderabad,Residential,Secondary_Road,Fully_Connected,2560,80.0,3.0,3.5,1175000
Pune,Industrial,Interior_Road,Fully_Connected,9100,9.7,5.3,6.6,11349000
Pune,Residential,Interior_Road,Fully_Connected,2640,50.0,2.3,2.2,1177000
Hyderabad,Mixed,No_Road,Partial,6400,12.8,5.7,5.5,7265000
Indore,Residential,Secondary_Road,Fully_Connected,3470,20.3,2.2,3.3,1094000
Ahmedabad,Agricultural,Main_Road,Not_Connected,94750,32.2,1.7,2.5,14507000
Bangalore_North,Industrial,Secondary_Road,Fully_Connected,56800,9.6,4.8,6.6,85289000
Bhopal,Residential,Main_Road,Partial,2120,13.1,5.5,6.8,656000
Kochi,Residential,Main_Road,Fully_Connected,2480,5.9,4.3,6.8,2011000
Hyderabad,Mixed,Main_Road,Fully_Connected,2360,32.2,5.5,5.4,3473000
Kochi,Residential,Interior_Road,Fully_Connected,14970,6.3,4.0,6.6,8445000
Bangalore_North,Commercial,Main_Road,Fully_Connected,9900,3.6,4.2,2.9,36959000
Bhopal,Commercial,Main_Road,Partial,11190,21.6,4.5,3.1,4461000
Noida_NCR,Residential,Main_Road,Fully_Connected,1670,32.3,2.9,2.2,1775000
Noida_NCR,Agricultural,Interior_Road,Fully_Connected,49950,38.0,4.6,5.2,21958000
Bangalore_North,Agricultural,Interior_Road,Not_Connected,79070,28.8,5.3,7.5,25945000
Indore,Residential,Main_Road,Fully_Connected,3390,20.8,4.0,3.9,1460000
Bangalore_North,Industrial,Main_Road,Partial,47290,5.3,5.4,5.1,98693000
Bangalore_South,Residential,Secondary_Road,Partial,17980,33.5,2.6,3.5,14510000
Bangalore_South,Residential,Main_Road,Fully_Connected,2160,5.8,5.0,6.4,5539000
Ahmedabad,Commercial,Secondary_Road,Fully_Connected,3910,18.0,3.6,3.8,3850000
Bangalore_South,Mixed,Secondary_Road,Fully_Connected,3390,22.9,4.3,4.2,4930000
Indore,Residential,No_Road,Partial,11360,5.1,5.5,3.8,2690000
Noida_NCR,Residential,Main_Road,Fully_Connected,7880,23.5,4.4,4.2,12366000
Bangalore_North,Commercial,Interior_Road,Fully_Connected,7280,33.4,5.5,7.6,13659000
Bangalore_North,Industrial,Main_Road,Fully_Connected,20590,17.1,6.0,6.3,37662000
Bangalore_North,Residential,No_Road,Not_Connected,2350,3.1,7.5,6.1,1366000
Chennai,Residential,No_Road,Partial,7130,5.7,5.1,7.4,3766000
Ahmedabad,Agricultural,Interior_Road,Not_Connected,35520,28.4,5.0,4.6,5336000
Bangalore_South,Residential,Secondary_Road,Partial,3380,14.4,5.4,7.9,3669000
Kochi,Residential,Main_Road,Partial,5940,6.1,5.2,7.7,3264000
Bangalore_North,Residential,Interior_Road,Fully_Connected,3540,54.5,2.5,3.8,2444000
Ahmedabad,Commercial,Interior_Road,Not_Connected,6790,10.1,1.6,1.0,3224000
Indore,Commercial,Main_Road,Partial,8060,43.6,3.3,7.7,2222000
Ahmedabad,Industrial,Secondary_Road,Fully_Connected,37790,22.1,4.8,5.9,21825000
Noida_NCR,Agricultural,Secondary_Road,Partial,220050,47.4,5.5,5.4,52984000
Kochi,Agricultural,Interior_Road,Partial,84690,7.2,4.0,6.2,18107000
Bangalore_North,Mixed,Interior_Road,Fully_Connected,10110,40.4,6.7,7.7,12709000
Bangalore_South,Commercial,Secondary_Road,Fully_Connected,6960,7.5,5.3,7.7,18255000
Bangalore_North,Commercial,Secondary_Road,Fully_Connected,4870,8.7,6.7,5.7,15590000
Pune,Mixed,Main_Road,Not_Connected,9180,24.7,5.6,6.4,10280000
Ahmedabad,Residential,Secondary_Road,Fully_Connected,4470,2.6,7.2,5.3,4724000
Noida_NCR,Agricultural,Main_Road,Not_Connected,13900,10.5,6.0,7.2,9865000
Kochi,Agricultural,Interior_Road,Fully_Connected,37220,14.4,3.5,4.4,6616000
Bangalore_South,Residential,Secondary_Road,Partial,3790,65.4,1.8,3.7,1818000
Ahmedabad,Commercial,Secondary_Road,Fully_Connected,5600,5.3,6.9,6.6,9687000
Bangalore_South,Residential,Main_Road,Not_Connected,10480,42.2,5.0,5.1,6451000
Hyderabad,Residential,Main_Road,Fully_Connected,5460,16.7,6.4,5.2,6787000
Noida_NCR,Commercial,Secondary_Road,Fully_Connected,20920,80.0,7.4,8.4,17893000
Bhopal,Residential,Main_Road,Fully_Connected,4750,27.6,3.5,6.7,1568000
Noida_NCR,Industrial,Main_Road,Fully_Connected,21350,19.8,4.5,4.3,28330000
Bangalore_North,Mixed,Interior_Road,Fully_Connected,3260,35.8,4.8,6.2,4268000
Noida_NCR,Industrial,Secondary_Road,Partial,20190,0.9,5.6,6.6,40683000
Bangalore_North,Residential,Secondary_Road,Not_Connected,4030,45.4,4.2,5.0,2407000
Kochi,Residential,Secondary_Road,Partial,1640,4.5,4.2,2.7,787000
Noida_NCR,Residential,Interior_Road,Partial,2820,33.7,4.8,3.4,1969000
Bangalore_South,Residential,Main_Road,Fully_Connected,3240,19.9,3.7,3.4,5020000
Bangalore_North,Mixed,Interior_Road,Not_Connected,7850,9.8,8.0,4.4,9459000
Bangalore_South,Commercial,No_Road,Not_Connected,11050,60.1,4.1,7.0,2513000
Bhopal,Residential,Interior_Road,Fully_Connected,2740,0.5,3.9,5.3,747000
Pune,Industrial,Secondary_Road,Not_Connected,29100,10.3,6.3,6.4,25330000
Ahmedabad,Residential,Interior_Road,Fully_Connected,3550,7.6,5.5,2.6,2529000
Noida_NCR,Residential,Secondary_Road,Partial,620,6.5,6.9,4.1,924000
Chennai,Residential,Secondary_Road,Not_Connected,2920,17.2,5.7,6.0,1817000
Bangalore_South,Agricultural,Secondary_Road,Partial,132040,21.1,5.5,8.8,70526000
Indore,Industrial,Main_Road,Fully_Connected,5210,10.1,5.0,4.5,2176000
Hyderabad,Residential,Main_Road,Partial,4300,25.2,6.4,7.8,4239000
Chennai,Mixed,Secondary_Road,Fully_Connected,16810,6.1,5.5,5.1,31471000
Noida_NCR,Industrial,Main_Road,Partial,10880,71.5,3.7,4.7,5253000
Noida_NCR,Industrial,Secondary_Road,Fully_Connected,20030,1.5,8.6,9.8,47008000
Indore,Residential,Secondary_Road,Partial,1710,32.5,2.7,3.4,299000
Bangalore_South,Residential,No_Road,Not_Connected,11520,1.6,6.6,5.6,5929000
Pune,Industrial,Main_Road,Fully_Connected,18710,7.9,6.0,8.3,42916000
Pune,Residential,Secondary_Road,Fully_Connected,4120,12.4,4.6,5.3,5480000
Pune,Agricultural,Secondary_Road,Partial,169170,4.1,4.7,6.9,67133000
Bangalore_North,Agricultural,Main_Road,Fully_Connected,90680,13.3,5.5,4.8,77556000
Bangalore_North,Residential,Main_Road,Fully_Connected,2260,11.9,5.4,7.9,4424000
Hyderabad,Industrial,Main_Road,Fully_Connected,11920,27.8,3.6,4.9,16715000
Hyderabad,Mixed,Main_Road,Fully_Connected,8280,10.8,5.3,6.4,21131000
Pune,Agricultural,Main_Road,Partial,28510,11.6,5.7,6.2,14500000
Noida_NCR,Commercial,Secondary_Road,Partial,1820,8.8,8.0,6.8,5205000
Noida_NCR,Industrial,Secondary_Road,Fully_Connected,19170,80.0,4.3,5.0,9632000
Pune,Commercial,Main_Road,Fully_Connected,2840,4.7,2.5,3.1,8805000
Pune,Agricultural,Main_Road,Fully_Connected,214150,11.6,6.2,7.8,129635000
Bangalore_South,Industrial,Main_Road,Fully_Connected,23040,21.8,4.6,4.9,33786000
Chennai,Agricultural,Secondary_Road,Partial,22140,8.5,5.7,3.7,10080000
Hyderabad,Residential,Main_Road,Fully_Connected,2540,0.6,6.5,4.0,6250000
Bangalore_North,Residential,Secondary_Road,Partial,1170,19.2,5.5,3.3,1745000
Pune,Residential,Main_Road,Not_Connected,1960,11.4,5.3,6.6,1841000
Pune,Commercial,Main_Road,Partial,16300,0.5,5.8,4.3,58801000
Bangalore_South,Commercial,No_Road,Partial,38160,18.8,7.0,7.4,44147000
Chennai,Commercial,Main_Road,Fully_Connected,13300,5.6,5.3,5.9,32520000
Chennai,Residential,Main_Road,Fully_Connected,3770,23.8,5.9,6.0,3798000
Noida_NCR,Industrial,Main_Road,Fully_Connected,14160,1.0,7.9,8.2,47140000
Noida_NCR,Mixed,No_Road,Partial,3220,12.6,7.1,7.2,3515000
Noida_NCR,Residential,Secondary_Road,Not_Connected,15260,7.2,4.4,1.0,12371000
Hyderabad,Agricultural,Secondary_Road,Fully_Connected,42190,1.4,7.8,7.0,48917000
Ahmedabad,Agricultural,No_Road,Fully_Connected,335660,39.0,3.1,4.8,40743000
Chennai,Commercial,Main_Road,Fully_Connected,21220,11.6,5.9,8.6,41910000
Pune,Residential,No_Road,Partial,1290,8.3,4.4,7.6,717000
Noida_NCR,Industrial,Main_Road,Partial,11740,34.5,4.0,2.8,15157000
Hyderabad,Mixed,Secondary_Road,Partial,3880,13.4,8.3,7.3,8543000
Chennai,Agricultural,Secondary_Road,Not_Connected,46530,19.3,3.6,2.2,11322000
Ahmedabad,Mixed,Secondary_Road,Fully_Connected,5770,11.5,6.1,8.5,5694000
Kochi,Mixed,No_Road,Partial,42070,6.7,4.7,6.8,16248000
Indore,Residential,Main_Road,Partial,1990,13.3,3.5,5.0,689000
Pune,Agricultural,No_Road,Fully_Connected,61440,0.6,5.8,6.3,31098000
Chennai,Commercial,Secondary_Road,Not_Connected,12320,11.2,3.5,6.5,10189000
Ahmedabad,Mixed,Secondary_Road,Fully_Connected,5990,57.2,2.9,5.8,2314000
Hyderabad,Residential,No_Road,Partial,4300,3.1,5.1,7.3,3898000
Kochi,Commercial,Main_Road,Partial,3850,21.1,3.6,5.2,3160000
Pune,Industrial,No_Road,Not_Connected,21780,4.9,6.8,6.2,10098000
Bangalore_North,Residential,Secondary_Road,Partial,5580,46.7,4.9,6.6,4706000
Bangalore_North,Industrial,Interior_Road,Fully_Connected,25990,3.8,4.6,6.4,50334000
Kochi,Residential,Main_Road,Not_Connected,5790,5.9,5.7,5.7,2143000
Bangalore_North,Mixed,Secondary_Road,Partial,15030,19.6,5.7,5.5,20765000
Hyderabad,Industrial,Interior_Road,Partial,42320,80.0,2.6,5.5,11401000
Hyderabad,Residential,Secondary_Road,Partial,4190,6.5,7.1,9.5,7293000
Bangalore_South,Agricultural,Main_Road,Fully_Connected,17420,31.7,4.7,4.2,14113000
Hyderabad,Residential,Main_Road,Partial,2710,10.3,4.7,4.9,3639000
Ahmedabad,Agricultural,Interior_Road,Not_Connected,41030,29.4,6.2,6.9,6201000
Bangalore_North,Agricultural,Main_Road,Fully_Connected,62750,23.3,5.5,6.6,45673000
Kochi,Industrial,Interior_Road,Fully_Connected,13640,1.0,4.7,4.5,8152000
Kochi,Residential,No_Road,Not_Connected,2180,9.4,4.0,7.6,363000
Hyderabad,Residential,Main_Road,Partial,1850,3.4,7.8,8.1,2630000
Bangalore_South,Agricultural,Main_Road,Not_Connected,11310,7.5,5.2,6.4,8162000
Chennai,Commercial,Interior_Road,Fully_Connected,6790,15.4,3.1,6.8,8054000
Bangalore_North,Commercial,Main_Road,Not_Connected,2860,4.7,5.5,5.2,7575000
Hyderabad,Residential,Secondary_Road,Fully_Connected,2090,59.8,5.7,5.9,1151000
Bhopal,Residential,Interior_Road,Partial,3100,7.2,4.9,3.6,716000
Bhopal,Industrial,Secondary_Road,Fully_Connected,6870,9.1,3.6,4.3,2336000
Ahmedabad,Residential,Secondary_Road,Partial,5120,14.4,6.3,4.2,3066000
Hyderabad,Residential,Interior_Road,Not_Connected,6470,11.0,7.0,8.0,4204000
Noida_NCR,Mixed,Secondary_Road,Partial,4200,9.8,6.1,6.9,8710000
Noida_NCR,Residential,Main_Road,Partial,3010,22.1,5.7,5.6,4295000
Hyderabad,Agricultural,Secondary_Road,Fully_Connected,81100,43.9,5.1,5.4,31069000
Noida_NCR,Residential,Interior_Road,Partial,2510,30.6,4.6,6.4,1905000
Bangalore_North,Industrial,Interior_Road,Partial,10690,4.5,6.3,4.7,13551000
Bangalore_South,Agricultural,Secondary_Road,Fully_Connected,146770,49.2,4.6,5.5,50285000
Chennai,Industrial,Main_Road,Partial,40570,22.4,2.6,4.9,28321000
Bangalore_South,Residential,Main_Road,Not_Connected,5910,47.8,4.0,2.1,2871000
Bangalore_South,Commercial,Main_Road,Partial,15290,9.4,5.4,6.8,46568000
Kochi,Agricultural,Main_Road,Partial,8440,26.7,5.0,3.0,2263000
Bhopal,Residential,No_Road,Fully_Connected,9640,2.8,1.9,3.2,1616000
Chennai,Residential,Main_Road,Partial,5160,29.2,3.9,3.0,3138000
Kochi,Residential,Interior_Road,Fully_Connected,7720,7.4,4.0,6.9,4210000
Bhopal,Mixed,Main_Road,Fully_Connected,7720,0.5,5.4,4.0,4676000
Bangalore_South,Agricultural,Main_Road,Fully_Connected,52250,59.1,3.8,2.2,18385000
Pune,Agricultural,Secondary_Road,Fully_Connected,39030,41.2,6.4,6.7,15951000
Hyderabad,Agricultural,Main_Road,Fully_Connected,69580,5.2,7.1,6.3,91587000
Bangalore_North,Commercial,Interior_Road,Partial,6430,8.1,5.7,3.7,14342000
Ahmedabad,Commercial,No_Road,Fully_Connected,14690,26.0,4.4,5.9,7033000
Pune,Commercial,Interior_Road,Fully_Connected,2640,25.7,4.4,2.1,2704000
Pune,Agricultural,Main_Road,Fully_Connected,30710,23.6,5.9,4.6,21750000
Bangalore_South,Residential,Interior_Road,Partial,15110,1.7,4.5,4.3,18675000
Bangalore_South,Industrial,Main_Road,Fully_Connected,12120,5.0,5.0,6.7,26729000
Indore,Industrial,No_Road,Fully_Connected,16520,1.6,5.0,7.4,5739000
Bangalore_North,Residential,Secondary_Road,Partial,2250,15.7,7.3,8.8,4021000
Bangalore_South,Commercial,Main_Road,Fully_Connected,10120,0.6,3.5,4.2,36390000
Hyderabad,Residential,Main_Road,Not_Connected,2480,2.9,8.0,4.0,3062000
Pune,Mixed,Main_Road,Fully_Connected,5320,16.1,5.0,6.1,11320000
Chennai,Mixed,Main_Road,Fully_Connected,10420,2.8,3.2,6.4,22380000
Pune,Mixed,No_Road,Fully_Connected,3810,23.2,1.3,4.8,2525000
Bangalore_North,Residential,Interior_Road,Partial,6680,2.5,4.6,5.9,8962000
Bangalore_South,Residential,No_Road,Fully_Connected,6830,52.9,4.0,3.0,2805000
Kochi,Residential,Main_Road,Not_Connected,7940,3.1,4.7,4.5,3708000
Noida_NCR,Residential,Secondary_Road,Fully_Connected,4380,6.5,7.3,10.0,9013000
Noida_NCR,Residential,Main_Road,Partial,32890,0.5,6.1,4.1,57892000
Noida_NCR,Residential,Secondary_Road,Fully_Connected,7940,30.2,4.3,3.3,9479000
Ahmedabad,Mixed,Main_Road,Fully_Connected,7410,11.2,4.3,6.4,8628000
Bangalore_North,Residential,Main_Road,Fully_Connected,2260,80.0,3.3,3.7,1653000
Hyderabad,Residential,Secondary_Road,Partial,3760,2.9,6.7,4.9,5048000
Chennai,Industrial,Main_Road,Fully_Connected,62600,34.6,3.2,6.5,53127000
Hyderabad,Commercial,Secondary_Road,Not_Connected,26470,4.5,7.4,7.9,42436000
Kochi,Agricultural,Interior_Road,Partial,189150,11.7,3.7,4.0,41384000
Pune,Agricultural,Main_Road,Not_Connected,101360,6.8,4.5,3.4,32447000
Ahmedabad,Industrial,No_Road,Fully_Connected,7320,12.2,4.1,7.9,4711000
Kochi,Agricultural,Secondary_Road,Partial,77510,1.7,6.1,6.2,26339000
Pune,Commercial,Interior_Road,Partial,3360,19.2,4.9,7.5,4380000
Indore,Agricultural,Interior_Road,Partial,13110,6.3,3.5,5.8,2327000
Chennai,Commercial,Interior_Road,Not_Connected,9460,0.5,6.6,5.8,13720000
Kochi,Residential,Interior_Road,Partial,5620,4.0,7.3,6.3,2516000
Hyderabad,Commercial,Interior_Road,Not_Connected,15060,0.5,6.7,8.9,19049000
Pune,Residential,Secondary_Road,Partial,5530,3.1,7.2,9.2,7818000
Chennai,Industrial,Main_Road,Fully_Connected,30600,31.2,5.5,3.0,26532000
Bangalore_North,Residential,Main_Road,Partial,2110,8.9,5.4,6.6,4803000
Hyderabad,Residential,Secondary_Road,Fully_Connected,3740,29.2,5.4,5.6,5405000
Indore,Residential,Main_Road,Not_Connected,1500,17.4,2.3,2.1,372000
Noida_NCR,Industrial,Main_Road,Partial,4030,0.5,6.6,7.0,8437000
Bangalore_South,Residential,Main_Road,Fully_Connected,6470,60.8,3.0,2.1,3075000
Hyderabad,Agricultural,Secondary_Road,Fully_Connected,25390,10.7,5.6,5.2,18965000
Bangalore_South,Industrial,Main_Road,Fully_Connected,40190,34.5,3.9,3.5,51540000
Bangalore_North,Residential,Secondary_Road,Fully_Connected,8220,10.6,5.7,5.2,16323000
Indore,Agricultural,Interior_Road,Fully_Connected,28640,5.1,5.0,5.4,4835000
Pune,Residential,Interior_Road,Partial,5870,25.7,4.7,3.8,3928000
Hyderabad,Residential,Main_Road,Partial,2600,58.0,1.9,5.7,1174000
Chennai,Agricultural,Secondary_Road,Not_Connected,9490,14.5,4.0,5.5,3413000
Bangalore_North,Mixed,Secondary_Road,Fully_Connected,6500,0.5,4.7,8.0,18892000
Hyderabad,Residential,Secondary_Road,Partial,2950,15.0,6.2,6.1,4476000
Noida_NCR,Commercial,Interior_Road,Fully_Connected,5880,7.4,7.1,6.1,16321000
Noida_NCR,Residential,Main_Road,Not_Connected,14440,17.0,6.5,9.2,16055000
Bhopal,Commercial,No_Road,Fully_Connected,2750,6.3,3.0,3.2,738000
Noida_NCR,Agricultural,Main_Road,Fully_Connected,70570,5.8,6.9,6.6,77703000
Pune,Agricultural,Interior_Road,Fully_Connected,20420,0.8,5.3,6.8,13232000
Ahmedabad,Agricultural,Secondary_Road,Partial,113230,0.5,3.8,2.8,38465000
Indore,Residential,Main_Road,Fully_Connected,4860,14.5,4.9,6.5,2814000
Ahmedabad,Agricultural,Interior_Road,Partial,70350,8.0,5.9,7.0,20532000
Bhopal,Agricultural,Main_Road,Partial,21360,31.9,4.1,6.8,2699000
Ahmedabad,Agricultural,Interior_Road,Partial,25100,58.0,2.1,4.8,2136000
Kochi,Residential,Secondary_Road,Fully_Connected,7310,15.7,5.7,7.9,5250000
Bangalore_North,Commercial,Main_Road,Fully_Connected,27630,19.0,5.1,5.4,61405000
Ahmedabad,Commercial,Main_Road,Fully_Connected,11200,5.6,5.8,4.8,18934000
Pune,Residential,Interior_Road,Fully_Connected,2230,10.4,4.8,8.5,2486000
Chennai,Residential,Main_Road,Partial,4990,14.6,4.7,3.0,4576000
Noida_NCR,Commercial,Interior_Road,Fully_Connected,43760,47.2,2.0,1.3,41311000
Bhopal,Agricultural,Interior_Road,Fully_Connected,54830,12.1,3.4,5.2,6656000
Bhopal,Residential,Interior_Road,Fully_Connected,10340,3.4,4.2,7.4,3086000
Hyderabad,Industrial,Main_Road,Partial,11060,11.0,5.6,6.2,20744000
Ahmedabad,Commercial,Interior_Road,Fully_Connected,7770,58.7,5.0,7.0,4046000
Ahmedabad,Agricultural,No_Road,Partial,87320,4.5,3.6,1.5,12552000
Hyderabad,Commercial,Main_Road,Fully_Connected,10570,30.3,4.6,4.5,20340000
Bangalore_North,Commercial,Main_Road,Not_Connected,4680,3.7,5.3,2.9,11345000
Bangalore_North,Agricultural,Main_Road,Partial,24130,4.3,5.7,7.2,19343000
Ahmedabad,Mixed,Secondary_Road,Fully_Connected,11410,41.0,4.8,3.0,4707000
Pune,Commercial,Interior_Road,Fully_Connected,18420,10.9,7.2,5.1,46684000
Bhopal,Commercial,Secondary_Road,Fully_Connected,23060,7.9,3.1,4.9,10767000
Pune,Agricultural,Secondary_Road,Fully_Connected,253550,7.2,4.7,6.9,109350000
Bhopal,Agricultural,Main_Road,Fully_Connected,56440,5.7,2.6,3.6,8809000
Pune,Residential,Main_Road,Not_Connected,3270,10.5,7.0,7.8,3209000
Ahmedabad,Commercial,Main_Road,Partial,20600,4.6,6.4,7.3,33480000
Bangalore_North,Commercial,Interior_Road,Fully_Connected,13180,4.8,6.2,6.0,40509000
Chennai,Mixed,Secondary_Road,Partial,3170,27.7,2.7,2.2,1742000
Ahmedabad,Commercial,Secondary_Road,Fully_Connected,3880,7.1,3.3,5.2,5563000
Indore,Commercial,Interior_Road,Not_Connected,11290,7.5,4.5,6.1,3790000
Kochi,Mixed,Main_Road,Fully_Connected,5350,38.2,4.0,6.1,2810000
Bangalore_North,Commercial,Main_Road,Partial,7850,0.7,4.0,5.3,30914000
Hyderabad,Residential,Main_Road,Partial,8030,6.8,5.8,4.3,13463000
Bangalore_North,Residential,No_Road,Fully_Connected,6550,16.0,7.8,8.5,7639000
Bangalore_North,Residential,Interior_Road,Fully_Connected,9490,45.0,4.4,5.1,8018000
Noida_NCR,Residential,Secondary_Road,Fully_Connected,1140,34.3,7.2,6.3,1178000
Noida_NCR,Commercial,Main_Road,Not_Connected,9550,47.3,5.7,5.5,9251000
Ahmedabad,Agricultural,Main_Road,Partial,93430,5.8,3.7,3.6,39015000
Kochi,Agricultural,Secondary_Road,Partial,12660,9.4,4.1,6.2,3828000
Ahmedabad,Residential,Secondary_Road,Partial,2610,46.7,3.2,2.1,937000
Ahmedabad,Commercial,No_Road,Not_Connected,4440,32.7,2.7,2.4,816000
Bangalore_North,Residential,Interior_Road,Fully_Connected,4060,15.2,4.7,4.8,5930000
Bangalore_South,Mixed,Secondary_Road,Partial,17290,2.0,7.9,10.0,35057000
Noida_NCR,Residential,Interior_Road,Partial,14890,19.2,4.9,7.0,13157000
Kochi,Agricultural,No_Road,Fully_Connected,24030,0.5,6.1,3.8,6103000
Bangalore_North,Residential,Secondary_Road,Not_Connected,5630,36.6,4.5,7.2,3656000
Chennai,Agricultural,Secondary_Road,Fully_Connected,82680,48.4,3.6,6.5,14435000
Noida_NCR,Commercial,No_Road,Fully_Connected,10490,30.1,6.3,4.6,13939000
Bangalore_North,Agricultural,Main_Road,Partial,71600,7.0,5.5,2.1,64512000
Pune,Residential,Interior_Road,Fully_Connected,4870,11.9,6.1,6.2,4241000
Indore,Mixed,Main_Road,Fully_Connected,17970,8.7,1.7,4.9,12999000
Noida_NCR,Commercial,Secondary_Road,Fully_Connected,17310,9.5,7.0,9.3,47286000
Bangalore_South,Agricultural,Interior_Road,Partial,19260,45.2,1.4,1.7,4161000
Kochi,Industrial,Secondary_Road,Not_Connected,37800,5.1,4.4,7.7,17954000
Hyderabad,Mixed,Secondary_Road,Fully_Connected,10720,42.6,5.8,2.7,10457000
Kochi,Residential,Secondary_Road,Fully_Connected,4910,9.5,5.2,5.1,2674000
Hyderabad,Residential,Main_Road,Fully_Connected,8350,3.0,4.8,4.7,14300000
Chennai,Residential,Main_Road,Not_Connected,4520,39.1,2.6,5.5,1716000
Hyderabad,Residential,Main_Road,Fully_Connected,4560,15.2,5.1,7.5,8283000
Hyderabad,Commercial,Secondary_Road,Not_Connected,8710,2.3,6.6,8.1,17772000
Kochi,Mixed,Secondary_Road,Not_Connected,1620,26.1,1.4,1.0,692000
Bangalore_South,Mixed,Main_Road,Fully_Connected,5690,32.9,4.8,6.7,7865000
Bangalore_North,Commercial,Interior_Road,Partial,5010,7.1,6.6,7.4,12098000
Hyderabad,Agricultural,Secondary_Road,Partial,17190,12.0,5.7,3.5,11142000
Noida_NCR,Industrial,Secondary_Road,Partial,62990,55.0,5.3,2.6,42329000
Ahmedabad,Mixed,Secondary_Road,Fully_Connected,8330,7.5,5.2,7.2,10442000
Bhopal,Residential,Main_Road,Partial,3920,10.2,3.2,4.0,1128000
Hyderabad,Commercial,Interior_Road,Partial,5390,35.1,2.8,2.0,5061000
Pune,Industrial,Secondary_Road,Partial,25350,8.1,5.7,5.7,25882000
Bangalore_North,Residential,Main_Road,Not_Connected,7620,43.4,3.6,5.1,4421000
Chennai,Commercial,No_Road,Fully_Connected,4480,21.7,4.0,4.7,2764000
Bhopal,Mixed,Interior_Road,Partial,5980,9.6,4.4,2.8,1469000
Noida_NCR,Mixed,Interior_Road,Not_Connected,10550,15.2,7.9,10.0,13425000
Chennai,Mixed,Interior_Road,Fully_Connected,1700,33.5,4.1,6.4,1132000
Hyderabad,Industrial,No_Road,Fully_Connected,19100,30.1,6.0,5.7,15225000
Indore,Residential,Main_Road,Fully_Connected,3030,7.8,2.5,3.3,1214000
Pune,Residential,Secondary_Road,Not_Connected,3670,7.5,5.8,6.6,2407000
Bangalore_North,Commercial,Secondary_Road,Fully_Connected,5630,10.6,6.0,4.5,17692000
Hyderabad,Commercial,Main_Road,Partial,8810,21.6,7.1,7.5,23541000
Bangalore_North,Commercial,Main_Road,Fully_Connected,30750,0.6,5.8,4.1,171641000
Bangalore_South,Agricultural,Main_Road,Fully_Connected,37360,3.9,5.7,5.9,36169000
Bangalore_North,Commercial,Interior_Road,Partial,9810,60.4,5.4,4.0,8554000
Pune,Agricultural,Interior_Road,Fully_Connected,301060,27.5,4.6,3.5,90025000
Noida_NCR,Residential,Interior_Road,Not_Connected,2800,31.0,4.3,7.5,1734000
Hyderabad,Residential,Main_Road,Fully_Connected,13010,17.1,8.9,8.3,23013000
Pune,Residential,Main_Road,Not_Connected,4010,5.7,4.3,5.3,5182000
Bhopal,Residential,Secondary_Road,Fully_Connected,12740,10.8,3.7,1.6,3471000
Ahmedabad,Industrial,Secondary_Road,Not_Connected,36450,0.7,5.6,5.0,16468000
Chennai,Commercial,No_Road,Partial,9920,12.5,5.3,6.4,6168000
Hyderabad,Residential,Interior_Road,Fully_Connected,3830,0.5,6.3,6.7,5125000
Indore,Agricultural,No_Road,Fully_Connected,28510,5.6,4.1,1.6,3471000
Bangalore_South,Commercial,Interior_Road,Fully_Connected,8440,80.0,2.7,4.2,4333000
Hyderabad,Residential,No_Road,Partial,7170,8.7,4.8,5.9,6888000
Indore,Residential,Secondary_Road,Partial,3970,14.1,6.6,8.5,1195000
Chennai,Residential,Main_Road,Fully_Connected,3260,9.3,4.9,4.4,5012000
Ahmedabad,Agricultural,Main_Road,Fully_Connected,39900,0.7,5.9,2.8,18767000
Chennai,Residential,Secondary_Road,Partial,7620,0.5,5.1,4.1,7232000
Noida_NCR,Residential,Main_Road,Partial,8870,3.6,6.3,4.8,12634000
Hyderabad,Residential,Main_Road,Partial,2590,5.6,5.7,7.1,5032000
Bangalore_South,Commercial,No_Road,Fully_Connected,5010,11.0,3.9,1.0,6480000
Hyderabad,Residential,Main_Road,Partial,5120,6.2,6.1,5.6,10833000
Bangalore_South,Industrial,No_Road,Not_Connected,67880,16.6,5.0,7.6,24909000
Kochi,Residential,Interior_Road,Fully_Connected,8420,18.1,5.6,5.9,3593000
Hyderabad,Agricultural,Secondary_Road,Fully_Connected,16210,0.7,5.0,6.8,15157000
Chennai,Commercial,Interior_Road,Fully_Connected,6650,2.7,4.7,2.8,12131000
Ahmedabad,Commercial,Main_Road,Partial,4170,51.7,2.1,1.1,2081000
Ahmedabad,Residential,Secondary_Road,Fully_Connected,3360,23.3,6.0,8.4,2222000
Pune,Industrial,Main_Road,Not_Connected,72190,3.3,4.7,5.4,68729000
Pune,Industrial,No_Road,Partial,6410,1.4,6.5,6.7,4091000
Bhopal,Residential,Main_Road,Partial,1400,23.1,4.5,3.5,394000
Noida_NCR,Residential,Main_Road,Partial,2330,52.4,4.6,5.4,2055000
Kochi,Mixed,Interior_Road,Fully_Connected,7230,8.9,2.9,2.3,3498000
Indore,Commercial,Interior_Road,Partial,12350,9.3,2.5,5.5,6570000
Ahmedabad,Residential,Secondary_Road,Fully_Connected,5320,1.6,6.2,10.0,6330000
Bangalore_South,Residential,Secondary_Road,Partial,8590,14.9,4.1,5.6,10296000
Chennai,Agricultural,Main_Road,Not_Connected,10230,14.5,5.4,4.8,4033000
Bangalore_North,Agricultural,Interior_Road,Partial,145700,60.9,4.2,1.1,29233000
Noida_NCR,Commercial,Main_Road,Not_Connected,6430,4.2,7.1,4.4,15809000
Bhopal,Mixed,Main_Road,Fully_Connected,9650,5.1,4.6,7.6,5621000
Chennai,Commercial,Main_Road,Not_Connected,3170,11.6,3.9,3.2,3497000
Pune,Residential,Main_Road,Partial,4010,3.3,4.5,4.6,4631000
Bangalore_North,Commercial,Main_Road,Partial,9440,33.9,6.0,7.2,15155000
Bhopal,Residential,Secondary_Road,Fully_Connected,8480,4.2,3.3,6.5,2853000
Bangalore_North,Residential,Main_Road,Fully_Connected,1430,7.5,2.9,3.7,3109000
Bangalore_North,Residential,Main_Road,Partial,4080,34.5,5.9,5.5,5883000
Bangalore_South,Residential,Secondary_Road,Fully_Connected,1980,2.2,4.8,5.5,3412000
Bangalore_North,Agricultural,Main_Road,Partial,78800,17.2,6.4,5.5,67099000
Pune,Residential,Interior_Road,Not_Connected,6630,6.4,7.3,6.2,4090000
Chennai,Commercial,No_Road,Not_Connected,19700,9.1,5.2,6.3,10062000
Hyderabad,Agricultural,Secondary_Road,Fully_Connected,30890,14.5,7.1,7.2,26046000
Bangalore_North,Agricultural,No_Road,Not_Connected,115180,28.9,5.5,9.0,17844000
Bangalore_North,Agricultural,Main_Road,Fully_Connected,170180,20.8,7.6,8.0,164181000
Hyderabad,Industrial,Main_Road,Fully_Connected,5370,22.9,4.3,6.7,8837000
Bangalore_North,Agricultural,Interior_Road,Not_Connected,86760,19.3,5.7,4.4,25995000
Noida_NCR,Residential,Interior_Road,Fully_Connected,7460,14.5,7.1,7.8,9174000
Bangalore_South,Commercial,Interior_Road,Fully_Connected,6670,43.4,4.2,3.9,9886000
Hyderabad,Agricultural,Main_Road,Fully_Connected,16820,1.4,7.8,8.1,23875000
Hyderabad,Residential,Interior_Road,Partial,7380,24.1,5.0,6.5,5171000
Pune,Residential,Secondary_Road,Partial,1830,12.1,7.8,7.5,2356000
Bangalore_North,Residential,Main_Road,Fully_Connected,3560,4.4,8.9,10.0,8380000
Bangalore_North,Commercial,Main_Road,Fully_Connected,7780,59.1,4.5,7.3,15306000
Kochi,Commercial,No_Road,Partial,13200,23.2,4.6,7.0,6218000
Bangalore_North,Residential,Main_Road,Fully_Connected,2660,43.3,6.2,7.5,2935000
Pune,Industrial,Interior_Road,Partial,11570,7.3,4.1,7.5,12474000
Pune,Mixed,Secondary_Road,Not_Connected,6400,15.8,3.6,2.4,5090000
Hyderabad,Residential,Interior_Road,Partial,7690,26.4,7.0,9.0,5473000
Pune,Mixed,Interior_Road,Not_Connected,26540,14.4,5.6,4.4,26071000
Ahmedabad,Residential,Interior_Road,Partial,1500,18.0,4.2,4.1,678000
Kochi,Mixed,Main_Road,Not_Connected,7360,11.8,4.4,5.9,3611000
Bangalore_South,Mixed,Main_Road,Fully_Connected,2960,12.6,2.8,5.8,6976000
Hyderabad,Residential,Secondary_Road,Fully_Connected,7760,9.2,5.9,4.4,13647000
Bangalore_South,Agricultural,Secondary_Road,Partial,21480,9.2,4.9,4.7,17381000
Pune,Mixed,Main_Road,Fully_Connected,3870,3.0,6.8,6.9,11140000
Noida_NCR,Mixed,Main_Road,Not_Connected,4090,38.2,6.5,6.3,4364000
Bangalore_South,Mixed,Main_Road,Partial,5710,63.3,4.3,6.3,4242000
Hyderabad,Commercial,Main_Road,Not_Connected,10030,15.6,6.4,10.0,19564000
Indore,Residential,Main_Road,Fully_Connected,5480,9.1,2.4,4.3,2210000
Bangalore_North,Industrial,No_Road,Fully_Connected,19910,80.0,4.0,3.7,5798000
Pune,Agricultural,Main_Road,Partial,15110,34.1,5.2,3.7,6979000
Noida_NCR,Agricultural,No_Road,Fully_Connected,96260,32.4,7.0,6.4,33084000
Bangalore_South,Commercial,No_Road,Partial,7710,6.1,8.5,6.5,12972000
Bangalore_North,Commercial,Main_Road,Partial,18040,33.6,3.1,4.9,31923000
Bangalore_North,Residential,Interior_Road,Not_Connected,2530,2.3,5.9,6.8,3046000
Indore,Agricultural,Secondary_Road,Partial,11820,2.9,3.5,3.8,3171000
Bangalore_North,Residential,Interior_Road,Fully_Connected,3910,17.5,6.0,9.2,5384000
Bangalore_South,Agricultural,Main_Road,Fully_Connected,160510,8.6,5.8,5.0,168579000
Bangalore_North,Industrial,Main_Road,Partial,22750,11.9,5.7,5.8,44321000
Bangalore_North,Commercial,Main_Road,Fully_Connected,6960,9.9,7.3,8.1,31039000
Noida_NCR,Commercial,Secondary_Road,Fully_Connected,4350,25.3,4.5,6.5,9820000
Bangalore_South,Residential,No_Road,Fully_Connected,12540,10.3,4.5,7.1,13679000
Chennai,Mixed,Interior_Road,Fully_Connected,3070,10.3,3.9,5.4,4094000
Chennai,Agricultural,Interior_Road,Partial,26030,41.0,3.5,6.0,6109000
Kochi,Residential,No_Road,Fully_Connected,5790,23.7,2.5,2.8,1175000
Bangalore_North,Residential,Interior_Road,Partial,1200,1.4,6.4,7.9,1761000
Kochi,Residential,Main_Road,Fully_Connected,9160,3.7,4.5,6.5,8296000
Noida_NCR,Commercial,Interior_Road,Partial,12380,46.4,4.0,7.1,11659000
Bangalore_South,Mixed,Secondary_Road,Fully_Connected,10760,0.8,7.2,4.5,27082000
Ahmedabad,Agricultural,Main_Road,Not_Connected,82630,4.2,5.0,4.1,26113000
Kochi,Residential,Secondary_Road,Fully_Connected,3600,11.5,5.7,7.2,2062000
Bangalore_South,Industrial,No_Road,Partial,8540,19.8,5.1,1.6,5351000
Indore,Residential,Main_Road,Fully_Connected,3650,7.5,4.2,5.7,2512000
Pune,Industrial,Secondary_Road,Fully_Connected,9170,10.3,4.8,6.9,16044000
Chennai,Residential,Main_Road,Fully_Connected,5490,21.1,4.7,4.4,5299000
Bhopal,Agricultural,Main_Road,Not_Connected,103350,15.8,4.4,4.4,8186000
Hyderabad,Mixed,Main_Road,Not_Connected,15670,36.5,4.5,3.5,16860000
Kochi,Residential,Interior_Road,Fully_Connected,5090,8.3,5.2,4.9,2533000
Hyderabad,Agricultural,Interior_Road,Fully_Connected,114910,3.9,5.4,5.0,69061000
Ahmedabad,Mixed,Main_Road,Partial,4950,16.1,5.5,4.8,4641000
Chennai,Residential,Main_Road,Partial,2930,24.3,3.9,3.6,2507000
Bangalore_South,Residential,Main_Road,Fully_Connected,5440,77.3,4.1,4.5,2779000
Pune,Agricultural,Main_Road,Partial,35310,12.5,5.4,5.4,25833000
Hyderabad,Residential,Secondary_Road,Partial,4760,9.5,7.9,10.0,5379000
Bangalore_North,Residential,Interior_Road,Partial,2010,49.4,3.1,3.6,1209000
Bangalore_North,Commercial,Secondary_Road,Fully_Connected,4320,1.0,4.7,5.8,20835000
Hyderabad,Agricultural,Secondary_Road,Fully_Connected,88580,10.2,5.4,4.9,68322000
Bangalore_North,Residential,Secondary_Road,Fully_Connected,7120,20.7,4.0,3.9,9409000
Bangalore_South,Residential,Main_Road,Partial,2110,7.6,4.2,2.4,3449000
Ahmedabad,Industrial,Main_Road,Fully_Connected,34200,35.7,4.5,2.8,19149000
Noida_NCR,Commercial,No_Road,Partial,5510,21.0,6.0,4.4,5446000
Ahmedabad,Industrial,Interior_Road,Partial,20270,68.0,1.9,3.6,3229000
Hyderabad,Commercial,No_Road,Partial,21570,13.1,5.5,7.5,18537000
Indore,Mixed,No_Road,Fully_Connected,10140,2.7,3.7,1.9,3641000
Chennai,Agricultural,Secondary_Road,Fully_Connected,102340,37.3,6.0,5.4,36713000
Bangalore_North,Residential,No_Road,Fully_Connected,13830,14.4,5.0,3.4,16845000
Bangalore_South,Industrial,Secondary_Road,Partial,11390,34.2,3.2,3.8,9322000
Noida_NCR,Commercial,Main_Road,Not_Connected,4010,15.7,7.2,8.7,8037000
Bangalore_South,Residential,Main_Road,Fully_Connected,2500,3.0,5.8,5.4,6290000
Pune,Residential,Main_Road,Not_Connected,3390,2.3,8.2,7.7,4133000
Bhopal,Agricultural,Main_Road,Fully_Connected,6010,4.8,3.4,6.6,1695000
Bangalore_North,Residential,Secondary_Road,Fully_Connected,3500,2.9,7.4,7.9,7656000
Bangalore_North,Residential,Interior_Road,Fully_Connected,2810,1.7,7.7,6.2,4700000
Bhopal,Residential,Interior_Road,Partial,6660,35.9,2.2,3.8,874000
Chennai,Commercial,Secondary_Road,Fully_Connected,10240,4.6,4.4,3.8,17754000
Bangalore_North,Commercial,Main_Road,Fully_Connected,5250,17.9,6.7,7.3,16501000
Indore,Commercial,Interior_Road,Partial,12090,0.5,5.2,6.4,8533000
Kochi,Residential,Secondary_Road,Partial,6400,6.3,2.9,2.0,2690000
Chennai,Residential,Main_Road,Fully_Connected,2430,4.6,4.0,5.1,3182000
Noida_NCR,Agricultural,Main_Road,Fully_Connected,32080,12.1,3.3,4.1,29394000
Hyderabad,Residential,Main_Road,Partial,940,44.5,5.4,6.6,628000
Bangalore_North,Agricultural,Main_Road,Fully_Connected,18740,8.8,5.8,7.3,20115000
Chennai,Residential,Interior_Road,Fully_Connected,2470,20.7,4.5,5.9,1497000
Hyderabad,Residential,Interior_Road,Partial,4200,7.0,4.2,4.5,4876000
Noida_NCR,Residential,Interior_Road,Fully_Connected,2160,27.2,4.4,6.5,2557000
Kochi,Commercial,Main_Road,Partial,5580,1.8,4.2,3.6,6913000
Bangalore_North,Residential,Interior_Road,Fully_Connected,1800,26.4,4.6,3.2,2005000
Chennai,Industrial,Interior_Road,Fully_Connected,22930,24.0,4.7,1.0,15801000
Bangalore_South,Residential,Main_Road,Fully_Connected,5280,1.0,6.8,6.7,10370000
Kochi,Commercial,Secondary_Road,Fully_Connected,10600,0.5,7.6,6.1,13921000
Bangalore_South,Commercial,Secondary_Road,Fully_Connected,8070,22.0,5.3,6.3,15271000
Noida_NCR,Residential,Secondary_Road,Fully_Connected,1470,8.9,7.8,4.5,2852000
Chennai,Commercial,Main_Road,Not_Connected,5180,35.9,3.1,3.2,3265000
Hyderabad,Residential,Secondary_Road,Not_Connected,3070,80.0,1.3,3.6,648000
Noida_NCR,Commercial,Main_Road,Fully_Connected,6030,17.1,5.7,4.4,19185000
Ahmedabad,Residential,Main_Road,Partial,4200,17.0,2.6,4.4,2835000
Chennai,Industrial,Main_Road,Partial,62560,5.8,5.3,4.9,80767000
Ahmedabad,Mixed,No_Road,Not_Connected,10170,62.1,1.8,3.2,877000
Bhopal,Residential,Main_Road,Fully_Connected,2110,11.5,1.4,3.9,583000
Pune,Agricultural,Secondary_Road,Fully_Connected,92070,12.6,7.4,8.6,60682000
Chennai,Agricultural,Main_Road,Fully_Connected,88970,11.5,4.4,5.2,52820000
Bangalore_North,Residential,Interior_Road,Fully_Connected,2370,1.9,4.5,3.9,3956000
Ahmedabad,Industrial,Secondary_Road,Fully_Connected,39440,20.1,5.5,5.2,25724000
Chennai,Agricultural,No_Road,Not_Connected,43280,3.3,4.5,6.1,6041000
Pune,Mixed,Main_Road,Not_Connected,2400,3.6,7.0,5.4,3996000
Bangalore_North,Mixed,Main_Road,Fully_Connected,8070,26.0,4.6,5.0,16381000
Kochi,Residential,Secondary_Road,Fully_Connected,4610,0.8,4.2,4.4,2880000
Hyderabad,Commercial,Main_Road,Fully_Connected,6820,16.3,6.3,6.3,17767000
Noida_NCR,Commercial,Interior_Road,Fully_Connected,7790,19.6,6.8,5.2,15687000
Bangalore_South,Residential,Interior_Road,Partial,2510,1.9,7.0,4.1,2856000
Bhopal,Residential,Secondary_Road,Fully_Connected,5950,3.8,4.0,5.6,1742000
Bangalore_South,Mixed,No_Road,Not_Connected,5830,32.6,5.5,7.3,1804000
Bangalore_South,Residential,Secondary_Road,Not_Connected,4460,18.3,6.3,3.7,4037000
Kochi,Commercial,Main_Road,Partial,10270,5.6,4.9,6.0,10450000
Indore,Industrial,Secondary_Road,Partial,7940,2.8,4.3,6.6,3194000
Bangalore_South,Residential,Main_Road,Partial,2240,19.3,3.7,5.5,2808000
Pune,Commercial,Interior_Road,Fully_Connected,1700,7.4,6.3,5.8,2985000
Ahmedabad,Mixed,Main_Road,Fully_Connected,8660,11.0,4.8,3.9,8686000
Kochi,Commercial,Main_Road,Partial,3420,12.9,3.9,4.9,2721000
Hyderabad,Residential,Secondary_Road,Fully_Connected,4360,42.4,6.3,6.8,4676000
Chennai,Residential,Main_Road,Not_Connected,5090,70.6,1.0,2.8,1202000
Ahmedabad,Mixed,Main_Road,Fully_Connected,8880,25.2,6.2,6.1,10835000
Ahmedabad,Residential,Interior_Road,Fully_Connected,1830,19.9,4.4,3.5,840000
Ahmedabad,Commercial,Main_Road,Fully_Connected,7640,69.1,2.8,4.6,3468000
Chennai,Residential,Secondary_Road,Not_Connected,11850,6.1,4.8,6.1,9066000
Bangalore_North,Commercial,Main_Road,Fully_Connected,26560,15.8,3.9,5.0,68250000
Indore,Mixed,Main_Road,Fully_Connected,11400,7.7,4.1,5.0,8236000
Kochi,Commercial,Main_Road,Fully_Connected,10130,12.3,4.8,7.9,10953000
Ahmedabad,Mixed,Interior_Road,Partial,3120,20.3,5.2,4.7,1915000
Bangalore_North,Residential,No_Road,Not_Connected,6380,69.2,3.5,6.4,1021000
Bangalore_South,Commercial,Main_Road,Fully_Connected,7160,4.3,3.4,3.3,20621000
Ahmedabad,Industrial,No_Road,Not_Connected,31320,14.4,2.8,5.6,4566000
Bangalore_North,Commercial,Secondary_Road,Fully_Connected,5140,10.3,8.6,9.9,16686000
Bhopal,Residential,Secondary_Road,Partial,3570,2.3,2.8,3.5,897000
Hyderabad,Industrial,Interior_Road,Fully_Connected,22810,3.6,8.1,10.0,29095000
Noida_NCR,Residential,Interior_Road,Fully_Connected,4690,8.3,5.4,6.5,6906000
Kochi,Commercial,Interior_Road,Partial,11300,5.0,4.5,3.8,6870000
Hyderabad,Mixed,Secondary_Road,Partial,4120,50.6,5.2,5.1,3089000
Hyderabad,Residential,Secondary_Road,Fully_Connected,1670,10.4,5.1,7.3,2113000
Chennai,Residential,Main_Road,Not_Connected,11500,15.6,6.8,8.1,7442000
Chennai,Residential,Main_Road,Not_Connected,20170,19.3,4.8,3.8,10118000
Pune,Residential,Interior_Road,Fully_Connected,5350,16.5,5.7,5.8,6108000
Chennai,Residential,Main_Road,Partial,1690,9.9,4.8,5.7,2010000
Indore,Agricultural,Main_Road,Partial,24930,28.4,4.2,4.2,3377000
Pune,Residential,Main_Road,Fully_Connected,5570,38.2,6.2,9.9,5315000
Bangalore_South,Agricultural,Main_Road,Not_Connected,167170,17.5,5.3,6.1,76247000
Hyderabad,Residential,Secondary_Road,Fully_Connected,1820,1.9,8.5,7.9,3878000
Hyderabad,Residential,Secondary_Road,Partial,3690,12.6,5.3,7.5,5336000
Bangalore_North,Residential,Secondary_Road,Fully_Connected,4540,8.7,7.1,6.4,8805000
Bangalore_South,Agricultural,Main_Road,Fully_Connected,108870,15.8,6.1,7.8,56888000
Noida_NCR,Commercial,Secondary_Road,Partial,6290,13.0,5.0,3.0,14498000
Hyderabad,Residential,Secondary_Road,Partial,1450,16.6,6.1,5.6,1791000
Bhopal,Industrial,Interior_Road,Not_Connected,32870,12.4,3.7,6.2,4540000
Bangalore_South,Commercial,Secondary_Road,Not_Connected,17580,24.6,4.2,7.3,28125000
Bangalore_North,Residential,Secondary_Road,Fully_Connected,3790,23.3,6.0,5.0,6329000
Ahmedabad,Mixed,Secondary_Road,Fully_Connected,7810,24.0,4.4,3.7,6695000
Kochi,Residential,No_Road,Fully_Connected,2940,19.1,4.0,5.7,820000
Hyderabad,Residential,Interior_Road,Fully_Connected,2310,12.4,5.9,5.2,2534000
Bangalore_South,Commercial,Secondary_Road,Fully_Connected,16410,59.7,3.7,4.2,15760000
Bangalore_South,Residential,Secondary_Road,Not_Connected,5150,71.3,2.9,5.3,1860000
Chennai,Residential,Main_Road,Partial,5500,6.3,5.4,5.0,5852000
Pune,Agricultural,No_Road,Fully_Connected,193240,41.5,3.4,1.4,22338000
Bangalore_South,Residential,Main_Road,Fully_Connected,2020,23.3,8.4,5.9,3394000
Bangalore_North,Industrial,Main_Road,Partial,12860,20.5,4.0,4.8,20624000
Pune,Mixed,No_Road,Fully_Connected,6650,3.6,5.0,2.7,5679000
Bhopal,Agricultural,Interior_Road,Fully_Connected,30090,10.9,3.2,3.8,4513000
Noida_NCR,Agricultural,Main_Road,Fully_Connected,101170,12.4,8.8,6.1,103626000
Pune,Agricultural,Main_Road,Fully_Connected,42240,80.0,1.1,5.2,5164000
Bangalore_North,Mixed,Main_Road,Fully_Connected,3150,37.2,5.5,9.1,6067000
Bangalore_South,Residential,Secondary_Road,Partial,4170,17.3,5.8,4.5,4191000
Hyderabad,Residential,Main_Road,Fully_Connected,4470,37.0,5.4,6.2,6015000
Ahmedabad,Commercial,No_Road,Partial,15390,11.4,6.2,4.9,9349000
Kochi,Commercial,No_Road,Partial,10530,1.1,6.3,5.9,6515000
Indore,Residential,Secondary_Road,Not_Connected,5400,28.9,2.9,6.7,787000
Bhopal,Agricultural,Secondary_Road,Fully_Connected,66710,10.8,4.0,4.1,8447000
Bhopal,Residential,Main_Road,Fully_Connected,3540,4.8,1.8,2.8,1449000
Bhopal,Mixed,Main_Road,Fully_Connected,3770,14.7,3.8,3.2,1480000
Bangalore_North,Residential,Interior_Road,Fully_Connected,4830,46.1,3.7,6.3,4611000
Bangalore_North,Residential,Main_Road,Fully_Connected,3220,33.9,4.9,1.0,4282000
Hyderabad,Residential,Main_Road,Partial,12000,12.0,4.0,4.1,15778000
Chennai,Residential,Main_Road,Fully_Connected,9570,1.7,5.9,6.1,14234000
Bangalore_North,Residential,Main_Road,Fully_Connected,6040,45.2,2.7,2.9,5702000
Kochi,Residential,Secondary_Road,Fully_Connected,5120,8.2,4.7,6.6,3215000
Noida_NCR,Residential,Interior_Road,Partial,3780,0.8,5.3,7.5,4007000
Chennai,Residential,Interior_Road,Not_Connected,1760,3.5,4.4,3.0,1084000
Bangalore_South,Residential,Secondary_Road,Partial,3480,1.2,7.5,10.0,5867000
Bangalore_South,Residential,Interior_Road,Partial,4270,25.5,5.9,4.0,3134000
Bangalore_South,Residential,Secondary_Road,Partial,4640,49.1,5.6,7.9,3356000
Kochi,Residential,Interior_Road,Partial,5430,15.8,6.1,6.5,2029000
Chennai,Residential,Secondary_Road,Fully_Connected,7280,4.1,4.4,4.3,8403000
Ahmedabad,Residential,Main_Road,Partial,2550,48.2,5.1,5.0,928000
Hyderabad,Residential,No_Road,Partial,2570,4.5,4.6,5.2,2419000
Hyderabad,Agricultural,Main_Road,Fully_Connected,184530,42.2,5.7,6.3,83848000
Pune,Mixed,Main_Road,Partial,9900,15.5,4.6,3.8,15841000
Ahmedabad,Mixed,Main_Road,Fully_Connected,4650,0.5,4.1,4.5,5486000
Ahmedabad,Commercial,Secondary_Road,Partial,7420,4.2,5.8,4.9,7533000
Bangalore_South,Commercial,Secondary_Road,Fully_Connected,7440,2.5,7.2,5.2,26314000
Indore,Residential,Secondary_Road,Partial,4080,10.5,5.2,4.4,1296000
Bangalore_North,Agricultural,Interior_Road,Not_Connected,76510,32.3,5.5,4.1,19600000
Indore,Agricultural,Main_Road,Fully_Connected,489560,13.5,4.2,4.3,89571000
Bangalore_North,Industrial,Secondary_Road,Fully_Connected,23280,46.0,5.3,6.4,19919000
Bangalore_South,Industrial,Main_Road,Fully_Connected,33980,23.7,5.6,6.1,42720000
Kochi,Commercial,Interior_Road,Fully_Connected,2460,2.4,5.4,8.7,3146000
Bangalore_South,Agricultural,Main_Road,Not_Connected,32320,28.6,5.3,2.4,9201000
Pune,Industrial,Main_Road,Fully_Connected,53450,16.6,6.2,7.0,73861000
Pune,Residential,Secondary_Road,Fully_Connected,5200,11.7,3.4,4.4,6690000
Bangalore_South,Mixed,Interior_Road,Fully_Connected,500,43.3,4.3,6.2,544000
Noida_NCR,Residential,Interior_Road,Not_Connected,6200,80.0,2.0,4.5,1251000
Kochi,Mixed,Secondary_Road,Fully_Connected,20880,5.8,5.0,5.3,15660000
Kochi,Agricultural,Interior_Road,Partial,8300,8.7,6.5,6.8,1954000
Hyderabad,Residential,Secondary_Road,Fully_Connected,10740,22.4,5.0,4.4,12709000
Chennai,Agricultural,Main_Road,Fully_Connected,4130,24.7,4.7,6.2,1796000
Bangalore_South,Residential,Main_Road,Partial,7360,28.7,5.9,3.3,7417000
Bangalore_South,Agricultural,Main_Road,Fully_Connected,49610,2.1,3.6,5.7,56170000
Bangalore_South,Industrial,Main_Road,Partial,3050,0.5,5.5,5.8,5586000
Indore,Agricultural,Secondary_Road,Fully_Connected,74710,11.9,4.5,4.4,13611000
Kochi,Industrial,Secondary_Road,Partial,50220,1.9,1.3,2.6,25517000
Ahmedabad,Residential,Secondary_Road,Partial,5070,7.6,3.7,4.4,3257000
Chennai,Residential,Secondary_Road,Partial,5850,16.0,6.2,8.3,4302000
Pune,Commercial,Interior_Road,Fully_Connected,6000,2.8,6.9,10.0,14715000
Chennai,Residential,Interior_Road,Partial,1190,30.4,4.8,7.2,539000
Chennai,Commercial,Main_Road,Not_Connected,12980,15.4,6.0,5.4,14421000
Pune,Residential,Main_Road,Fully_Connected,12470,1.2,6.1,7.2,19348000
Bangalore_North,Residential,Secondary_Road,Fully_Connected,8340,0.5,7.1,8.0,19125000
Bangalore_North,Commercial,Secondary_Road,Partial,1990,7.5,5.8,4.7,5171000
Bhopal,Industrial,Main_Road,Fully_Connected,5950,4.8,4.2,3.0,3221000
Pune,Residential,Main_Road,Partial,2310,16.1,4.4,5.0,2589000
Bhopal,Industrial,Interior_Road,Partial,5590,2.0,5.7,7.2,1521000
Bangalore_South,Commercial,Secondary_Road,Fully_Connected,8250,17.4,7.3,4.7,18986000
Chennai,Residential,Main_Road,Partial,5170,13.4,6.6,5.5,5358000
Bangalore_South,Commercial,Secondary_Road,Partial,2940,13.9,5.1,6.4,5512000
Bangalore_South,Commercial,Interior_Road,Fully_Connected,13780,58.4,2.7,4.0,11272000
Bangalore_North,Residential,Main_Road,Not_Connected,5910,17.3,7.3,9.2,8529000
Bangalore_North,Commercial,Interior_Road,Fully_Connected,5450,0.5,7.1,4.9,22990000
Indore,Residential,Main_Road,Fully_Connected,3580,11.2,4.5,8.7,1977000
Hyderabad,Residential,Secondary_Road,Not_Connected,1130,2.5,5.6,3.6,1355000
Chennai,Commercial,Secondary_Road,Fully_Connected,6340,7.6,5.7,2.9,8233000
Pune,Commercial,Main_Road,Not_Connected,8040,9.0,4.2,4.9,13101000
Pune,Industrial,No_Road,Fully_Connected,22890,8.6,6.3,4.7,21315000
Chennai,Residential,Secondary_Road,Fully_Connected,5120,4.4,7.0,6.8,5089000
Bangalore_South,Mixed,No_Road,Fully_Connected,7030,31.2,6.9,6.7,7033000
Bhopal,Industrial,Main_Road,Partial,16190,10.5,4.7,5.0,4670000
Kochi,Mixed,Interior_Road,Partial,7230,6.9,2.9,2.8,3471000
Ahmedabad,Industrial,No_Road,Not_Connected,44580,37.6,3.9,5.4,4830000
Pune,Residential,Secondary_Road,Not_Connected,3760,13.8,7.9,7.1,3603000
Bangalore_South,Commercial,Main_Road,Partial,9990,16.3,4.5,6.8,18518000
Indore,Residential,Interior_Road,Partial,3540,4.8,4.3,4.7,1309000
Hyderabad,Industrial,Secondary_Road,Partial,11920,18.3,7.5,5.8,10890000
Bangalore_North,Commercial,No_Road,Not_Connected,11540,8.2,6.9,4.3,7865000
Hyderabad,Residential,Secondary_Road,Partial,2790,23.3,8.5,7.7,2175000
Ahmedabad,Mixed,Main_Road,Not_Connected,7710,8.3,4.0,2.9,4604000
Noida_NCR,Residential,Main_Road,Fully_Connected,4070,13.6,5.1,3.5,8578000
Ahmedabad,Commercial,Interior_Road,Fully_Connected,6470,25.6,5.6,6.7,5394000
Ahmedabad,Agricultural,No_Road,Partial,37210,0.8,3.7,1.9,7574000
Bangalore_South,Residential,Main_Road,Fully_Connected,2870,5.3,5.7,8.1,6577000
Indore,Commercial,Interior_Road,Fully_Connected,2530,11.5,4.0,5.0,2077000
Pune,Industrial,No_Road,Not_Connected,27170,2.7,7.0,6.8,9701000
Noida_NCR,Residential,Main_Road,Fully_Connected,4650,16.5,6.9,5.3,8090000
Bangalore_North,Commercial,Main_Road,Fully_Connected,14500,29.4,5.9,7.3,30199000
Bhopal,Residential,Interior_Road,Fully_Connected,2830,2.6,3.6,4.5,921000
Hyderabad,Agricultural,Secondary_Road,Fully_Connected,275300,3.5,7.8,6.4,245270000
Bangalore_North,Residential,Main_Road,Partial,3130,21.1,10.0,9.3,5712000
Pune,Mixed,Interior_Road,Not_Connected,3400,6.5,6.4,4.0,3037000
Bangalore_North,Industrial,Secondary_Road,Not_Connected,9030,0.9,6.6,4.2,14677000
Bangalore_South,Residential,No_Road,Partial,1300,7.9,4.3,3.3,1114000
Noida_NCR,Residential,Interior_Road,Partial,10830,7.2,5.8,6.6,13628000
Hyderabad,Commercial,Interior_Road,Fully_Connected,20890,21.8,5.4,5.8,34368000
Indore,Agricultural,Secondary_Road,Not_Connected,85860,32.3,2.6,5.4,6047000
Hyderabad,Commercial,Main_Road,Fully_Connected,4270,11.8,6.0,4.8,14261000
Ahmedabad,Residential,Secondary_Road,Fully_Connected,12980,10.6,6.9,7.7,11392000
Pune,Residential,Main_Road,Not_Connected,3180,7.2,7.1,6.8,3621000
Noida_NCR,Mixed,Interior_Road,Not_Connected,5040,5.3,6.4,5.1,6759000
Chennai,Commercial,Main_Road,Fully_Connected,21880,43.2,2.3,4.2,20400000
Pune,Industrial,Secondary_Road,Partial,33880,5.5,7.2,6.9,39709000
Bhopal,Commercial,Main_Road,Fully_Connected,37350,31.7,2.9,3.1,14121000
Hyderabad,Mixed,Main_Road,Fully_Connected,7050,9.1,4.1,4.9,19263000
Bangalore_South,Residential,Main_Road,Fully_Connected,3090,80.0,3.8,4.5,1626000
Noida_NCR,Residential,Secondary_Road,Fully_Connected,2690,7.8,7.7,7.2,5130000
Kochi,Mixed,Interior_Road,Partial,1810,2.2,1.9,2.7,1205000
Bangalore_North,Mixed,Main_Road,Fully_Connected,5010,80.0,2.3,1.7,3459000
Pune,Residential,Interior_Road,Partial,8420,23.8,4.8,5.5,5973000
Indore,Residential,Interior_Road,Fully_Connected,5900,17.0,4.8,4.2,1877000
Ahmedabad,Commercial,Main_Road,Not_Connected,8110,60.8,2.1,1.9,2431000
Bhopal,Commercial,Interior_Road,Partial,3990,11.6,2.8,3.6,1552000
Chennai,Residential,Secondary_Road,Not_Connected,4640,5.5,6.2,7.4,2835000
Noida_NCR,Industrial,Main_Road,Fully_Connected,44970,13.5,5.7,6.3,119306000
Hyderabad,Residential,Secondary_Road,Partial,5290,3.5,7.0,6.1,10083000
Indore,Agricultural,Main_Road,Not_Connected,58100,11.2,2.8,3.1,9092000
Hyderabad,Residential,Interior_Road,Fully_Connected,2380,12.5,4.4,6.0,3187000
Ahmedabad,Residential,No_Road,Fully_Connected,7030,2.4,6.0,2.6,3671000
Pune,Agricultural,Interior_Road,Fully_Connected,2980,10.5,5.7,7.2,2203000
Chennai,Residential,Secondary_Road,Fully_Connected,5130,4.8,6.4,3.7,5717000
Noida_NCR,Agricultural,Secondary_Road,Fully_Connected,500000,33.4,4.8,3.2,218547000
Pune,Residential,No_Road,Fully_Connected,1500,10.7,4.5,4.4,1023000
Indore,Mixed,Main_Road,Fully_Connected,5130,13.6,5.6,9.2,3263000
Pune,Agricultural,Main_Road,Partial,49650,16.6,3.4,6.9,28320000
Noida_NCR,Industrial,Secondary_Road,Fully_Connected,13810,5.4,8.1,8.7,33799000
Hyderabad,Residential,Main_Road,Fully_Connected,7850,47.2,6.2,6.9,6537000
Pune,Residential,Main_Road,Partial,5440,3.0,6.8,4.0,8394000
Pune,Residential,Main_Road,Fully_Connected,4420,6.3,4.8,5.6,7398000
Bangalore_North,Commercial,Secondary_Road,Fully_Connected,13980,0.6,5.5,5.0,63493000
Bangalore_North,Residential,Main_Road,Fully_Connected,4040,22.6,5.3,4.5,6831000
Noida_NCR,Residential,Main_Road,Fully_Connected,31600,3.4,5.1,5.8,83420000
Noida_NCR,Residential,Main_Road,Fully_Connected,4410,30.6,4.4,4.4,6295000
Noida_NCR,Residential,Secondary_Road,Fully_Connected,4540,9.5,7.2,8.3,8135000
Bangalore_North,Residential,Interior_Road,Fully_Connected,1320,8.6,6.9,3.9,1972000
Hyderabad,Residential,Main_Road,Not_Connected,2810,1.6,5.2,5.8,3388000
Bangalore_South,Residential,Interior_Road,Not_Connected,8430,43.4,5.3,4.4,4615000
Ahmedabad,Agricultural,Interior_Road,Fully_Connected,15030,66.3,3.1,3.6,1671000
Kochi,Residential,Main_Road,Fully_Connected,980,4.2,6.5,7.0,823000
Bangalore_South,Residential,Interior_Road,Fully_Connected,4080,8.9,6.5,4.9,8988000
Noida_NCR,Commercial,Interior_Road,Not_Connected,20880,20.0,7.3,7.4,27238000
Bangalore_North,Agricultural,Secondary_Road,Partial,51940,15.7,6.4,6.2,35125000
Hyderabad,Residential,Main_Road,Fully_Connected,3210,57.9,5.4,4.8,1971000
Bangalore_North,Commercial,Main_Road,Fully_Connected,2180,19.2,4.2,4.2,5930000
Hyderabad,Mixed,No_Road,Fully_Connected,8050,72.5,3.5,4.2,2957000
Noida_NCR,Commercial,Interior_Road,Not_Connected,12710,44.2,5.0,4.3,8232000
Indore,Mixed,No_Road,Not_Connected,1880,6.7,4.0,4.8,234000
Bangalore_South,Industrial,No_Road,Fully_Connected,49570,12.0,6.2,5.9,39130000
Chennai,Residential,Main_Road,Partial,6580,25.4,5.3,4.8,4749000
Noida_NCR,Commercial,Interior_Road,Fully_Connected,17670,37.7,5.8,8.4,24882000
Bhopal,Agricultural,Secondary_Road,Partial,84540,9.3,3.6,5.1,11259000
Noida_NCR,Mixed,Interior_Road,Not_Connected,9180,0.5,5.9,5.6,11177000
Bangalore_South,Commercial,Main_Road,Fully_Connected,11520,24.7,6.5,6.8,31506000
Noida_NCR,Residential,Main_Road,Fully_Connected,7030,38.1,5.7,4.4,8425000
Hyderabad,Commercial,Interior_Road,Partial,2240,3.4,5.1,4.9,5095000
Bhopal,Residential,Interior_Road,Fully_Connected,1510,19.2,3.2,3.8,278000
Hyderabad,Agricultural,Secondary_Road,Partial,25780,10.0,4.0,2.9,19447000
Noida_NCR,Commercial,Main_Road,Fully_Connected,7310,8.2,6.5,7.1,23819000
Bangalore_North,Agricultural,Main_Road,Not_Connected,70910,17.7,5.6,5.2,34593000
Pune,Industrial,No_Road,Fully_Connected,25930,25.7,4.1,4.3,10829000
Kochi,Agricultural,Secondary_Road,Fully_Connected,136650,6.0,6.5,5.7,32373000
Noida_NCR,Agricultural,Secondary_Road,Fully_Connected,140560,12.5,4.9,9.9,112640000
Pune,Agricultural,Secondary_Road,Fully_Connected,22800,16.4,6.0,5.2,14666000
Indore,Industrial,Secondary_Road,Fully_Connected,24210,38.5,5.6,2.8,5609000
Kochi,Industrial,Secondary_Road,Partial,10150,4.2,6.0,3.8,6431000
Hyderabad,Residential,Secondary_Road,Fully_Connected,3540,4.8,6.3,7.5,7511000
Chennai,Commercial,Interior_Road,Fully_Connected,10020,16.0,3.5,6.5,8070000
Pune,Residential,No_Road,Fully_Connected,500,10.6,3.8,3.6,372000
Noida_NCR,Industrial,No_Road,Fully_Connected,137650,9.8,5.9,8.0,93150000
Hyderabad,Agricultural,Secondary_Road,Not_Connected,83250,31.2,4.4,6.2,21730000
Bangalore_South,Commercial,Secondary_Road,Not_Connected,5270,21.1,4.5,4.9,6715000
Indore,Residential,Interior_Road,Fully_Connected,14000,2.2,4.1,4.5,4812000
Indore,Residential,Interior_Road,Partial,3190,45.0,2.6,4.1,480000
Kochi,Agricultural,Secondary_Road,Partial,56330,18.2,4.7,6.6,11941000
Bhopal,Residential,Interior_Road,Not_Connected,2910,1.5,2.7,4.5,453000
Ahmedabad,Residential,Interior_Road,Fully_Connected,11710,27.0,3.3,3.3,4571000
Ahmedabad,Industrial,Interior_Road,Fully_Connected,18390,41.5,3.3,4.0,7691000
Ahmedabad,Agricultural,Interior_Road,Fully_Connected,57200,25.3,4.0,7.8,12894000
Pune,Residential,Main_Road,Not_Connected,8750,13.1,7.5,7.6,8684000
Pune,Residential,Secondary_Road,Partial,5850,5.5,5.9,7.4,6729000
Bangalore_South,Mixed,Secondary_Road,Fully_Connected,5790,51.1,2.2,4.3,6602000
Noida_NCR,Agricultural,Main_Road,Fully_Connected,135830,32.6,6.0,6.6,89326000
Hyderabad,Agricultural,Interior_Road,Partial,491100,46.5,5.3,5.9,113070000
Bangalore_South,Residential,Secondary_Road,Not_Connected,4920,11.7,5.6,7.3,4612000
Chennai,Residential,Main_Road,Fully_Connected,4320,2.3,4.0,5.9,6870000
Pune,Residential,Interior_Road,Partial,4470,6.9,7.7,7.8,4077000
Bangalore_South,Agricultural,Interior_Road,Fully_Connected,162620,31.6,3.6,3.5,48749000
Kochi,Residential,Interior_Road,Fully_Connected,2710,8.3,5.3,6.3,1259000
Kochi,Residential,Secondary_Road,Partial,3340,6.7,4.8,5.3,2114000
Bangalore_South,Agricultural,Interior_Road,Partial,12530,16.3,6.2,5.9,8308000
Bangalore_North,Mixed,Secondary_Road,Not_Connected,2780,63.7,6.0,10.0,1987000
Hyderabad,Agricultural,Secondary_Road,Fully_Connected,31370,14.3,6.6,4.3,26968000
Ahmedabad,Commercial,Main_Road,Fully_Connected,7690,30.9,3.3,5.7,7262000
Kochi,Commercial,Secondary_Road,Fully_Connected,27600,1.5,6.1,5.0,35040000
Bangalore_North,Commercial,Interior_Road,Fully_Connected,11640,12.4,5.2,5.8,26082000
Ahmedabad,Residential,Secondary_Road,Fully_Connected,2210,0.5,5.4,9.6,2417000
Bangalore_North,Commercial,Secondary_Road,Fully_Connected,4810,2.8,4.8,3.9,20993000
Hyderabad,Commercial,Interior_Road,Fully_Connected,20940,5.6,5.0,4.4,34709000
Bhopal,Commercial,Interior_Road,Fully_Connected,17600,9.3,3.9,4.7,7556000
Bangalore_South,Industrial,Main_Road,Fully_Connected,20460,64.0,4.1,3.6,13453000
Bangalore_South,Mixed,No_Road,Partial,4500,31.8,2.9,5.4,2980000
Pune,Residential,Interior_Road,Fully_Connected,8310,0.5,6.4,5.7,11419000
Noida_NCR,Residential,No_Road,Partial,2100,4.3,5.7,7.0,1772000
Indore,Residential,No_Road,Not_Connected,5160,28.8,4.9,3.4,418000
Bhopal,Residential,No_Road,Partial,17520,65.1,1.2,1.0,743000
Bangalore_North,Residential,Interior_Road,Fully_Connected,4570,28.8,4.0,4.5,4427000
Bangalore_North,Residential,Secondary_Road,Fully_Connected,2420,39.5,5.0,3.1,2310000
Ahmedabad,Agricultural,Main_Road,Partial,72340,18.7,3.4,6.7,15839000
Hyderabad,Commercial,Secondary_Road,Partial,5760,27.7,6.9,4.5,7838000
Kochi,Mixed,Interior_Road,Fully_Connected,2420,21.1,4.0,3.2,1373000
Noida_NCR,Residential,Secondary_Road,Fully_Connected,6310,10.3,6.2,7.0,10431000
Bangalore_North,Residential,Interior_Road,Partial,8270,6.8,6.9,6.0,12929000
Kochi,Commercial,Main_Road,Fully_Connected,6440,4.9,3.5,2.2,11987000
Bangalore_South,Residential,Secondary_Road,Partial,3130,43.9,2.9,7.1,2814000
Pune,Residential,Secondary_Road,Fully_Connected,2140,4.6,6.2,4.8,3608000
Chennai,Mixed,Secondary_Road,Fully_Connected,5440,52.2,2.1,3.2,3402000
Pune,Residential,Main_Road,Partial,2780,7.9,4.2,4.6,3126000
Noida_NCR,Residential,Main_Road,Fully_Connected,2070,1.1,7.8,8.5,4927000
Noida_NCR,Commercial,Interior_Road,Partial,30080,54.6,5.3,6.4,19284000
Bhopal,Commercial,Secondary_Road,Fully_Connected,11090,18.2,2.0,2.2,3854000
Bhopal,Commercial,Main_Road,Fully_Connected,11940,28.4,2.3,3.1,4726000
Chennai,Residential,Main_Road,Not_Connected,7100,12.2,4.0,4.5,4800000
Bangalore_North,Industrial,Secondary_Road,Fully_Connected,37060,9.5,8.3,8.9,82634000
Ahmedabad,Residential,Main_Road,Fully_Connected,3060,30.6,5.1,3.8,1626000
Bhopal,Commercial,Interior_Road,Not_Connected,9680,10.0,3.3,7.3,3025000
Hyderabad,Agricultural,Interior_Road,Partial,39250,10.5,6.8,5.6,18858000
Pune,Industrial,Main_Road,Partial,28400,11.5,3.8,4.6,28191000
Pune,Residential,Secondary_Road,Fully_Connected,4990,9.7,4.7,3.6,5188000
Bangalore_North,Commercial,Main_Road,Fully_Connected,6120,0.5,6.6,4.7,31017000
Noida_NCR,Residential,Main_Road,Partial,1690,8.9,7.0,5.6,2873000
Hyderabad,Residential,Interior_Road,Fully_Connected,4400,25.8,5.4,4.3,4542000
Ahmedabad,Residential,Secondary_Road,Fully_Connected,3500,0.5,5.5,5.2,2892000
Kochi,Agricultural,Interior_Road,Partial,9120,7.5,4.7,3.8,1828000
Kochi,Residential,Main_Road,Fully_Connected,5560,8.6,4.3,6.1,3997000
Pune,Agricultural,Main_Road,Fully_Connected,119200,1.0,5.5,4.7,111542000
Hyderabad,Residential,Secondary_Road,Fully_Connected,20690,24.8,5.0,4.2,18927000
Ahmedabad,Industrial,Secondary_Road,Fully_Connected,14630,56.1,3.2,3.7,5054000
Ahmedabad,Industrial,No_Road,Partial,13000,47.7,3.8,6.1,2457000
Pune,Residential,Main_Road,Not_Connected,1940,3.4,6.0,6.5,2519000
Indore,Residential,Interior_Road,Fully_Connected,4580,1.2,3.1,4.0,1505000
Bangalore_South,Residential,Interior_Road,Fully_Connected,4560,30.3,3.8,2.5,3074000
Kochi,Industrial,Secondary_Road,Partial,10450,41.5,3.7,2.9,2501000
Bangalore_North,Residential,Main_Road,Fully_Connected,3570,0.6,8.2,5.8,12015000
Bangalore_South,Commercial,Secondary_Road,Fully_Connected,2000,8.6,6.0,8.2,5983000
Chennai,Commercial,Main_Road,Not_Connected,15300,3.6,4.9,6.2,25865000
Bangalore_North,Industrial,Interior_Road,Partial,10800,9.1,6.4,5.2,13369000
Bangalore_North,Commercial,Secondary_Road,Fully_Connected,7810,29.6,4.0,4.0,15561000
Bangalore_North,Commercial,No_Road,Not_Connected,2950,1.2,8.0,6.4,3344000
Pune,Mixed,Secondary_Road,Fully_Connected,4110,14.3,5.5,4.5,5570000
Ahmedabad,Residential,Secondary_Road,Not_Connected,3340,1.9,4.3,5.7,2225000
Bangalore_North,Industrial,Interior_Road,Partial,19820,0.5,6.3,6.0,33801000
Noida_NCR,Residential,Secondary_Road,Partial,5460,3.1,6.1,9.4,12610000
Kochi,Commercial,No_Road,Not_Connected,21910,0.5,6.4,8.4,6701000
Bangalore_South,Industrial,Main_Road,Partial,35940,25.8,4.9,7.4,46760000
Bangalore_South,Agricultural,No_Road,Fully_Connected,118860,7.0,6.1,7.3,52537000
Kochi,Agricultural,Interior_Road,Fully_Connected,183740,5.5,5.3,5.1,35757000
Kochi,Residential,Interior_Road,Partial,5790,4.4,3.8,5.6,2947000
Chennai,Commercial,Secondary_Road,Partial,7800,5.6,5.5,5.3,12439000
Kochi,Residential,Interior_Road,Fully_Connected,7710,25.9,4.2,7.4,2812000
Bangalore_North,Commercial,Main_Road,Partial,16950,15.2,4.0,5.4,49410000
Hyderabad,Commercial,Interior_Road,Partial,12600,15.2,6.2,6.7,15932000
Ahmedabad,Residential,Main_Road,Fully_Connected,1550,14.5,4.6,5.4,1269000
Bangalore_South,Residential,Main_Road,Fully_Connected,2310,3.1,6.2,9.0,4711000
Ahmedabad,Residential,Secondary_Road,Fully_Connected,3350,9.8,4.9,3.3,2324000
Pune,Residential,Main_Road,Fully_Connected,6640,18.2,5.4,8.5,9069000
Ahmedabad,Residential,Secondary_Road,Fully_Connected,3940,19.5,6.0,5.9,2843000
Pune,Industrial,Interior_Road,Fully_Connected,49660,6.9,4.2,2.8,65692000
Hyderabad,Agricultural,Main_Road,Fully_Connected,163320,2.5,6.0,5.1,125845000
Bangalore_South,Residential,Interior_Road,Fully_Connected,8720,11.8,6.5,4.1,9830000
Bangalore_South,Agricultural,Main_Road,Partial,147970,47.7,4.8,6.3,49762000
Ahmedabad,Industrial,Interior_Road,Fully_Connected,8720,19.3,5.0,3.9,4405000
Bangalore_North,Residential,Interior_Road,Not_Connected,5470,8.5,9.5,8.9,5832000
Bangalore_North,Residential,Secondary_Road,Not_Connected,2700,80.0,4.0,6.5,934000
Bangalore_South,Residential,Interior_Road,Partial,1370,20.6,6.7,5.7,1321000
Bangalore_South,Residential,No_Road,Not_Connected,3320,80.0,2.6,3.4,302000
Kochi,Agricultural,Interior_Road,Not_Connected,164730,7.7,3.4,2.4,20268000
Hyderabad,Mixed,Secondary_Road,Fully_Connected,8090,4.1,6.0,5.6,21927000
Bhopal,Residential,Secondary_Road,Partial,14850,4.2,4.9,9.3,4861000
Bangalore_North,Agricultural,Interior_Road,Fully_Connected,58650,36.2,5.5,7.0,27366000
Noida_NCR,Residential,Main_Road,Partial,19640,18.2,6.6,6.2,29151000
Pune,Commercial,Interior_Road,Fully_Connected,9060,3.2,5.5,4.9,22562000
Hyderabad,Agricultural,Main_Road,Fully_Connected,51020,48.0,4.1,4.8,28690000
Kochi,Residential,Interior_Road,Fully_Connected,1740,3.5,4.5,5.3,1027000
Bhopal,Residential,Main_Road,Not_Connected,8230,22.4,4.2,4.3,1289000
Kochi,Commercial,Main_Road,Fully_Connected,5630,0.6,5.9,6.9,9306000
Bangalore_South,Mixed,No_Road,Fully_Connected,3940,28.8,3.8,3.2,2926000
Bangalore_South,Residential,Interior_Road,Fully_Connected,9200,0.9,7.1,5.5,20583000
Noida_NCR,Residential,Interior_Road,Fully_Connected,8490,21.5,5.2,6.2,11262000
Hyderabad,Residential,No_Road,Not_Connected,8350,10.1,6.7,4.9,3005000
Ahmedabad,Commercial,Secondary_Road,Partial,6210,43.8,3.2,5.3,4016000
